,Year,month,KTO_total,KTO_perc,USA_total,USA_perc,Canada_total,Canada_perc,Brazil_total,Brazil_perc,DominicanRepublic_total,DominicanRepublic_perc,Jamaica_total,Jamaica_perc,Guatemala_total,Guatemala_perc,Chile_total,Chile_perc,CostaRica_total,CostaRica_perc,Panama_total,Panama_perc,Peru_total,Peru_perc,Mexico_total,Mexico_perc,Ecuador_total,Ecuador_perc
2,2004년,1월,793478,,63341,,11243,,2335,,35,,32,,,,,,,,,,4641,,,,,
3,,2월,670447,,47191,,7927,,2515,,53,,23,,,,,,,,,,,,,,,
4,,3월,587629,,43664,,9243,,1804,,51,,14,,,,,,,,,,,,,,,
5,,4월,642413,,40831,,11723,,1379,,157,,10,,,,,,,,,,,,,,,
6,,5월,680185,,52600,,14088,,1668,,44,,30,,,,,,,,,,,,,,,
7,,6월,712260,,62410,,20079,,1754,,43,,7,,,,,,,,,,,,,,,
8,,7월,897234,,70805,,27171,,1553,,52,,20,,,,,,,,,,,,,,,
9,,8월,930573,,66825,,24351,,1806,,119,,20,,,,,,,,,,,,,,,
10,,9월,682244,,48594,,24295,,2053,,40,,8,,,,,,,,,,,,,,,
11,,10월,757538,,40976,,20684,,1820,,11,,16,,,,,,,,,,,,,,,
12,,11월,745887,,39303,,8084,,1438,,61,,17,,,,,,,,,,,,,,,
13,,12월,725697,,50055,,12094,,1228,,73,,16,,,,,,,,,,,,,,,
14,2005년,1월,897406,0.1309777964858509,68439,0.08048499392178841,12476,0.10966823801476475,2148,-0.08008565310492505,60,0.7142857142857142,16,-0.5,,,,,228,,,,5668,0.22128851540616257,,,,
15,,2월,745998,0.1126875055000619,47573,0.008094763832086627,9290,0.17194398889870063,2425,-0.03578528827037773,40,-0.24528301886792447,14,-0.391304347826087,,,,,175,,,,,,,,,
16,,3월,707058,0.2032387782086997,45616,0.04470502015390253,11085,0.19928594612138917,1805,0.0005543237250554324,97,0.9019607843137254,14,0,,,,,302,,,,,,,,,
17,,4월,762096,0.18630226972368244,48850,0.19639489603487545,13189,0.12505331399812336,1578,0.14430746918056564,60,-0.6178343949044586,10,0,,,,,167,,,,,,,,,
18,,5월,802497,0.17982166616435236,60066,0.14193916349809885,15066,0.06942078364565588,2067,0.2392086330935252,70,0.5909090909090908,26,-0.13333333333333333,,,,,254,,,,,,,,,
19,,6월,865693,0.2154171229607166,68844,0.10309245313251082,22328,0.11200757009811245,2190,0.24857468643101482,59,0.37209302325581395,22,2.142857142857143,,,,,256,,,,,,,,,
20,,7월,1020757,0.13767088630167826,80141,0.13185509497916814,30118,0.10846122704353907,2139,0.37733419188667094,130,1.5,16,-0.2,,,,,352,,,,,,,,,
21,,8월,1070289,0.15013975260404075,80891,0.2104900860456416,25081,0.029978234980082955,2421,0.34053156146179403,80,-0.32773109243697474,20,0,,,,,267,,,,,,,,,
22,,9월,785549,0.1514194335164545,53737,0.10583611145408899,17799,-0.2673801193661247,2422,0.1797369702873843,90,1.25,12,0.5,,,,,587,,,,,,,,,
23,,10월,848088,0.11953195747276044,50346,0.22867044123389302,13635,-0.34079481725004834,1910,0.04945054945054945,121,10,7,-0.5625,,,,,158,,,,,,,,,
24,,11월,784031,0.051139113565459644,43692,0.11167086481947942,8542,0.05665512122711529,1897,0.3191933240611961,90,0.47540983606557385,14,-0.17647058823529413,,,,,207,,,,,,,,,
25,,12월,790681,0.0895470148009431,56898,0.1367096194186395,12710,0.05093434761038532,1313,0.06921824104234528,71,-0.0273972602739726,11,-0.3125,,,,,285,,,,,,,,,
26,2006년,1월,985287,0.09792780525202639,75034,0.09636318473385058,12570,0.007534466175056108,3643,0.6959962756052142,120,1,35,1.1875,,,,,244,0.07017543859649122,,,6587,0.16213832039520115,,,,
27,,2월,944596,0.2662178718977799,48303,0.01534483845878965,10281,0.10667384284176534,2523,0.04041237113402062,101,1.525,32,1.2857142857142858,,,,,237,0.3542857142857143,,,,,,,,
28,,3월,823918,0.16527639882442458,50135,0.09906611715187653,11318,0.021019395579612087,2745,0.5207756232686981,101,0.04123711340206193,14,0,,,,,208,-0.3112582781456954,,,,,,,,
29,,4월,855083,0.12201481178224266,53992,0.10526100307062436,12012,-0.08924103419516263,3179,1.014575411913815,100,0.6666666666666667,16,0.6,,,,,256,0.532934131736527,,,,,,,,
30,,5월,906482,0.12957680838682262,61946,0.03129890453834116,16558,0.0990309305721492,2596,0.2559264634736333,80,0.1428571428571428,11,-0.5769230769230769,,,,,138,-0.45669291338582674,,,,,,,,
31,,6월,915942,0.05804482651471134,67493,-0.019624077624774854,22994,0.029828018631314943,2289,0.045205479452054796,200,2.389830508474576,14,-0.36363636363636365,,,,,205,-0.19921875,,,,,,,,
32,,7월,1098740,0.07639722284539807,82749,0.03254264359067144,31063,0.03137658543063949,3115,0.4562879850397382,211,0.6230769230769231,5,-0.6875,,,,,255,-0.27556818181818177,,,,,,,,
33,,8월,1159874,0.0837016917860503,84370,0.043008492910212505,24164,-0.03656154060842869,1816,-0.24989673688558448,70,-0.125,12,-0.4,,,,,249,-0.0674157303370787,,,,,,,,
34,,9월,931946,0.1863626584719731,66193,0.2317955970746413,20530,0.1534355862688915,2174,-0.10239471511147812,91,0.011111111111111072,4,-0.6666666666666666,,,,,232,-0.6047700170357752,,,,,,,,
35,,10월,984649,0.16102220524285216,54800,0.088,15045,0.1034103410341034,1444,0.088,80,-0.33884297520661155,11,0.088,,,,,184,0.16455696202531644,,,,,,,,
36,,11월,987488,0.25950121870181153,49891,0.142,10368,0.21376726761882464,2189,0.142,161,0.788888888888889,15,0.142,,,,,223,0.07729468599033806,,,,,,,,
37,,12월,1015874,0.28480891788218005,62815,0.104,14912,0.17324940991345397,2646,0.104,121,0.704225352112676,9,0.104,,,,,272,-0.04561403508771933,,,,,,,,
38,2007년,1월,1281530,0.30066670929384026,83332,0.11058986592744623,14509,0.15425616547334925,6072,0.6667581663464178,203,0.6916666666666667,3,-0.9142857142857143,,,,,275,0.12704918032786883,,,7351,0.11598603309549116,,,,
39,,2월,982591,0.04022354530402415,53505,0.10769517421278181,10795,0.04999513665985799,3195,0.26634958382877527,140,0.38613861386138604,9,-0.71875,,,,,236,-0.00421940928270037,,,,,,,,
40,,3월,1046055,0.27,53183,0.06079585120175526,12178,0.07598515638805442,3047,0.11001821493624772,150,0.48514851485148514,9,-0.35714285714285715,,,,,200,-0.038461538461538436,,,,,,,,
41,,4월,989018,0.157,54110,0.002185508964291006,12555,0.04520479520479521,3530,0.11041207927021075,130,0.30000000000000004,13,-0.1875,,,,,292,0.140625,,,,,,,,
42,,5월,1107498,0.222,67349,0.08722112807929487,17849,0.07796835366590169,3555,0.36941448382126346,220,1.75,33,2,,,,,254,0.8405797101449275,,,,,,,,
43,,6월,1064076,0.162,75208,0.11430815047486406,22394,-0.02609376359050187,2672,0.1673219746614242,170,-0.15000000000000002,22,0.5714285714285714,,,,,242,0.18048780487804872,,,,,,,,
44,,7월,1297398,0.181,87645,0.05916687814958489,32727,0.053568554228503366,4070,0.30658105939004815,380,0.8009478672985781,34,5.8,,,,,272,0.06666666666666665,,,,,,,,
45,,8월,1308664,0.128,93817,0.11197107976768994,27250,0.12771064393312365,2437,0.3419603524229075,141,1.0142857142857142,17,0.4166666666666667,,,,,217,-0.12851405622489964,,,,,,,,
46,,9월,1015650,0.09,67771,0.023839378786276493,21266,0.03584997564539698,3423,0.5745170193192273,131,0.43956043956043955,36,8,,,,,217,-0.06465517241379315,,,,,,,,
47,,10월,1078092,0.095,56223,0.025967153284671533,15547,0.03336656696576936,2340,0.6204986149584487,209,1.6124999999999998,21,0.9090909090909091,,,,,252,0.36956521739130443,,,,,,,,
48,,11월,1072557,0.086,50932,0.020865486761139283,10214,-0.014853395061728395,2416,0.10370031978072179,228,0.4161490683229814,28,0.8666666666666667,,,,,239,0.0717488789237668,,,,,,,,
49,,12월,1081848,0.065,63100,0.004537132850433814,15318,0.027226394849785406,2992,0.1307634164777022,216,0.7851239669421488,13,0.4444444444444444,,,,,270,-0.007352941176470562,,,,,,,,
50,2008년,1월,1322909,0.032,84958,0.02,13909,-0.041353642566682745,4899,0.02,156,-0.23152709359605916,15,0.02,,,1401,,273,-0.0072727272727273196,,,8207,0.11644674193987203,,,,
51,,2월,1132463,0.153,58515,0.094,11434,0.05919407132931913,3350,0.094,163,0.16428571428571437,33,0.094,,,876,,219,-0.07203389830508478,,,,,,,,
52,,3월,983589,-0.0603,56082,0.055,11574,-0.04959763507965183,3527,0.055,246,0.6399999999999999,39,0.055,,,888,,321,0.605,,,,,,,,
53,,4월,1026750,0.038,51959,-0.04,12590,0.00278773397052956,3439,-0.04,141,0.08461538461538454,13,-0.04,,,748,,227,-0.2226027397260274,,,,,,,,
54,,5월,1099977,-0.007,67847,0.007394319143565697,19076,0.06874334696621665,2762,-0.22306610407876226,216,-0.018181818181818188,26,-0.21212121212121215,,,516,,224,-0.11811023622047245,,,,,,,,
55,,6월,1004715,-0.056,72649,-0.03402563557068394,22282,-0.005001339644547631,3975,0.4876497005988023,248,0.45882352941176463,9,-0.5909090909090908,,,452,,204,-0.15702479338842978,,,,,,,,
56,,7월,1135843,-0.125,80830,-0.07775686006047122,30979,-0.05341155620741289,5171,0.27051597051597054,200,-0.4736842105263158,32,-0.05882352941176472,,,519,,245,-0.09926470588235292,,,,,,,,
57,,8월,1163809,-0.111,92204,-0.01719304603643268,25444,-0.06627522935779817,4011,0.6458760771440295,208,0.4751773049645389,13,-0.23529411764705888,,,539,,243,0.1198156682027649,,,,,,,,
58,,9월,818747,-0.194,55821,-0.17632910832066817,19202,-0.0970563340543591,2905,-0.15132924335378328,64,-0.5114503816793894,10,-0.7222222222222222,,,422,,154,-0.29032258064516125,,,,,,,,
59,,10월,932716,-0.135,47761,-0.1505077992992192,12228,-0.213481700649643,2909,0.2431623931623932,122,-0.416267942583732,4,-0.8095238095238095,,,552,,172,-0.31746031746031744,,,,,,,,
60,,11월,707012,-0.3408,39334,-0.2277153852195084,7452,-0.27041315841002544,3166,0.310430463576159,158,-0.3070175438596491,8,-0.7142857142857143,,,546,,155,-0.35146443514644354,,,,,,,,
61,,12월,667564,-0.3829,51434,-0.18488114104595876,10394,-0.32145188666927793,2251,-0.24766042780748665,127,-0.4120370370370371,9,-0.3076923076923077,,,397,,260,-0.03703703703703709,,,,,,,,
62,2009년,1월,812901,-0.386,70458,-0.1706725676216484,10962,-0.2118772018117765,1887,-0.6148193508879363,215,0.3782051282051282,44,1.9333333333333331,1032,,910,-0.3504639543183441,260,-0.04761904761904767,,,6158,-0.24966492019008169,,,,
63,,2월,753642,-0.335,43090,-0.26360762197727083,7785,-0.31913591044253975,1997,-0.4038805970149254,104,-0.3619631901840491,33,0,718,,670,-0.2351598173515982,189,-0.136986301369863,,,,,,,,
64,,3월,702043,-0.286,46689,-0.16748689419064944,9649,-0.16632106445481254,2193,-0.3782251204990077,175,-0.28861788617886175,23,-0.41025641025641024,801,,594,-0.33108108108108103,216,-0.3271028037383178,,,,,,,,
65,,4월,734681,-0.284,47658,-0.08277680478839089,9023,-0.283320095313741,1677,-0.512358243675487,176,0.24822695035460995,11,-0.15384615384615385,983,,508,-0.320855614973262,227,0,,,,,,,,
66,,5월,737396,-0.33,54656,-0.19442274529455983,11749,-0.38409519815474946,1572,-0.4308472121650978,164,-0.2407407407407407,31,0.1923076923076923,683,,436,-0.15503875968992253,200,-0.1071428571428571,,,,,,,,
67,,6월,731137,-0.272,63507,-0.12583793307547253,15442,-0.30697423929629297,1804,-0.5461635220125787,197,-0.20564516129032262,20,1.2222222222222223,699,,382,-0.15486725663716816,185,-0.09313725490196079,,,,,,,,
68,,7월,996695,-0.123,89451,0.10665594457503391,22944,-0.2593692501371897,2089,-0.5960162444401469,189,-0.05500000000000005,27,-0.15625,654,,438,-0.1560693641618497,271,0.10612244897959178,,,,,,,,
69,,8월,1041527,-0.105,88749,-0.037471259381371746,16546,-0.3497091652255935,2161,-0.4612316130640738,208,0,18,0.3846153846153846,957,,426,-0.20964749536178107,268,0.10288065843621408,,,,,,,,
70,,9월,658487,-0.196,56147,0.005840096021210606,13465,-0.2987709613581918,2105,-0.2753872633390706,134,1.09375,31,2.1,737,,431,0.021327014218009532,174,0.1298701298701299,,,,,,,,
71,,10월,714880,-0.234,53166,0.11316764724356698,9992,-0.1828590121033693,1971,-0.32244757648676525,140,0.14754098360655732,11,1.75,626,,520,-0.05797101449275366,231,0.34302325581395343,,,,,,,,
72,,11월,721940,0.021,49710,0.2637921391162861,6298,-0.1548577563070317,2210,-0.30195830701200255,166,0.05063291139240511,26,2.25,560,,511,-0.0641025641025641,192,0.2387096774193549,,,,,,,,
73,,12월,888782,0.331,80565,0.5663763269432671,10286,-0.0103906099672888,2474,0.09906708129720121,137,0.07874015748031504,16,0.7777777777777777,911,,756,0.9042821158690175,311,0.19615384615384612,,,,,,,,
74,2010년,1월,1118261,0.376,98629,0.39982684719975015,10271,-0.06303594234628718,2857,0.5140434552199258,288,0.3395348837209302,22,-0.5,875,-0.15213178294573648,1322,0.4527472527472527,340,0.3076923076923077,,,7811,0.2684313088665151,,,50,
75,,2월,908103,0.205,64648,0.5003016941285681,8179,0.0506101477199743,2539,0.271407110665999,263,1.5288461538461537,4,-0.8787878787878788,502,-0.3008356545961003,760,0.13432835820895517,249,0.31746031746031744,,,,,,,41,
76,,3월,950185,0.353,68094,0.45845916597057124,9852,0.02103844958026735,2518,0.1481988144094848,221,0.2628571428571429,12,-0.4782608695652174,586,-0.26841448189762795,603,0.015151515151515138,276,0.2777777777777777,,,,,,,40,
77,,4월,935904,0.274,70945,0.48862730286625533,10544,0.16856921201374275,2168,0.2927847346451997,164,-0.06818181818181823,26,1.3636363636363638,771,-0.21566632756866733,501,-0.013779527559055094,246,0.08370044052863435,,,,,,,40,
78,,5월,1023815,0.388,94332,0.725922131147541,15528,0.3216443952676824,2394,0.5229007633587786,222,0.35365853658536595,23,-0.25806451612903225,584,-0.14494875549048314,433,-0.006880733944954143,230,0.1499999999999999,,,,,,,64,
79,,6월,997597,0.364,101045,0.5910844473837529,21838,0.4141950524543454,2325,0.2888026607538803,217,0.10152284263959399,40,1,652,-0.06723891273247495,382,0,299,0.6162162162162161,,,,,,,49,
80,,7월,1223723,0.228,128711,0.43889950922851617,27087,0.18057008368200833,2608,0.24844423168980367,279,0.4761904761904763,16,-0.40740740740740744,879,0.34403669724770647,248,-0.4337899543378996,273,0.007380073800737907,,,,,,,54,
81,,8월,1235742,0.186,119191,0.3430123156317255,21047,0.2720294935331802,3134,0.45025451180009246,207,-0.004807692307692291,102,4.666666666666667,914,-0.04493207941483801,252,-0.4084507042253521,312,0.16417910447761197,,,,,,,48,
82,,9월,1013123,0.539,97350,0.7338415231446025,14849,0.10278499814333464,2301,0.0931116389548694,141,0.052238805970149294,15,-0.5161290322580645,621,-0.1573948439620081,182,-0.5777262180974478,197,0.13218390804597702,,,,,,,46,
83,,10월,1055581,0.477,91134,0.714,12104,0.211,2459,0.714,103,-0.26428571428571423,37,0.714,756,0.714,284,-0.4538461538461539,218,-0.05627705627705626,,,,,,,54,
84,,11월,1004902,0.392,80737,0.624,7146,0.135,2868,0.624,152,-0.08433734939759041,56,0.624,793,0.624,634,0.24070450097847362,271,0.41145833333333326,,,,,,,30,
85,,12월,1021428,0.149,92702,0.151,11508,0.114,2688,0.151,211,0.5401459854014599,22,0.151,877,0.151,940,0.24338624338624348,325,0.045016077170418,,,,,,,33,
86,2011년,1월,1268007,0.134,125025,0.26762919628101267,11023,0.07321585045273094,4117,0.4410220511025551,158,-0.45138888888888884,47,1.1363636363636362,1077,0.23085714285714287,1402,0.06051437216338873,341,0.002941176470588225,,,9680,0.23927794136474212,,,28,-0.43999999999999995
87,,2월,1091628,0.20209711893915117,83156,0.28628882564039104,7838,-0.04169213840322783,4239,0.669554942890902,155,-0.4106463878326996,31,6.75,634,0.26294820717131473,873,0.14868421052631575,240,-0.03614457831325302,,,,,,,23,-0.4390243902439024
88,,3월,868694,-0.08576329872603757,74906,0.029,8096,-0.17823792123426718,3613,0.029,223,0.009049773755656076,28,0.029,570,0.029,1373,1.2769485903814264,300,0.08695652173913038,,,,,,,44,0.029
89,,4월,867487,-0.07310258317092351,74273,0.046909577841990346,9698,-0.08023520485584223,3348,0.5442804428044281,153,-0.06707317073170727,30,0.15384615384615374,694,-0.09987029831387806,716,0.4291417165668663,298,0.21138211382113825,,,,,,,37,-0.07499999999999996
90,,5월,1014409,-0.009187206673080586,100492,0.06530127634312843,14521,-0.0648505924781041,4126,0.7234753550543025,202,-0.09009009009009006,46,1,554,-0.05136986301369861,652,0.5057736720554273,254,0.10434782608695659,,,,,,,41,-0.359375
91,,6월,1053658,0.05619603908191384,109639,0.08505121480528488,18957,-0.13192600054950088,3443,0.48086021505376353,252,0.16129032258064524,28,-0.30000000000000004,676,0.036809815950920255,550,0.4397905759162304,360,0.2040133779264215,,,,,,,35,-0.2857142857142857
92,,7월,1241629,0.014632396383822155,137088,0.06508379237205841,25302,-0.06589877062797656,3886,0.49003067484662566,262,-0.06093189964157708,45,1.8125,724,-0.17633674630261664,443,0.7862903225806452,299,0.09523809523809534,,,,,,,43,-0.20370370370370372
93,,8월,1247222,0.009289965057431081,129505,0.08653337919809378,17267,-0.17959804247636246,3818,0.21825143586470963,231,0.11594202898550732,70,-0.3137254901960784,854,-0.06564551422319476,578,1.2936507936507935,283,-0.09294871794871795,,,,,,,51,0.0625
94,,9월,1013507,0.000379026041260538,95192,-0.02216743708269131,14739,-0.007407906256313601,3411,0.48239895697522805,263,0.8652482269503545,49,2.2666666666666666,774,0.24637681159420288,652,2.5824175824175826,181,-0.08121827411167515,,,,,,,27,-0.4130434782608695
95,,10월,1032589,-0.02178136969119376,93323,0.024019575570039642,10775,-0.10979841374752153,3034,0.23383489223261478,202,0.9611650485436893,30,-0.18918918918918914,1287,0.7023809523809523,641,1.257042253521127,185,-0.1513761467889908,,,,,,,39,-0.2777777777777778
96,,11월,974255,-0.030497501248878,86739,0.07434014144692025,7156,0.0013993842709207893,3984,0.38912133891213396,164,0.07894736842105265,34,-0.3928571428571429,626,-0.21059268600252212,933,0.47160883280757093,284,0.047970479704797064,,,,,,,39,0.30000000000000004
97,,12월,1020648,-0.0007636367908457571,101859,0.09877888287199843,10311,-0.10401459854014594,3611,0.3433779761904763,162,-0.23222748815165872,39,0.7727272727272727,818,-0.06727480045610035,995,0.0585106382978724,286,-0.12,,,,,,,32,-0.030303030303030276
98,2012년,1월,1200782,-0.0530162688376326,123371,-0.013229354129174142,9177,-0.16746802140977957,4199,0.01991741559387905,226,0.4303797468354431,52,0.1063829787234043,936,-0.13091922005571033,1414,0.008559201141226769,309,-0.09384164222873903,346,,10588,0.09380165289256204,4121,,29,0.03571428571428581
99,,2월,1150334,0.05377839337210112,91386,0.09897060945692426,8273,0.05549885174789493,3973,-0.06275064873790992,154,-0.006451612903225823,45,0.4516129032258065,532,-0.1608832807570978,1199,0.3734249713631157,235,-0.02083333333333337,454,,,,3518,,45,0.9565217391304348
100,,3월,1018952,0.17296999864163906,84561,0.1288948815849198,7505,-0.07299901185770752,4698,0.3003044561306394,252,0.13004484304932729,24,-0.1428571428571429,614,0.07719298245614037,1163,-0.15294974508375825,394,0.31333333333333324,461,,,,4310,,40,-0.09090909090909094
101,,4월,1018645,0.17424814435259547,88266,0.18839955300041744,7797,-0.1960197978964735,4148,0.23894862604540035,165,0.07843137254901955,15,-0.5,782,0.12680115273775217,947,0.3226256983240223,313,0.05033557046979875,372,,,,3321,,32,-0.1351351351351351
102,,5월,1096950,0.08136856041300895,104367,0.03856028340564421,13057,-0.10081950278906415,4158,0.007755695588948175,225,0.11386138613861396,25,-0.4565217391304348,617,0.11371841155234663,679,0.04141104294478537,251,-0.011811023622047223,359,,,,3444,,47,0.14634146341463405
103,,6월,1109273,0.05278278150974984,116625,0.06371820246445159,17797,-0.06119111673788047,4899,0.42288701713621846,245,-0.02777777777777779,18,-0.3571428571428571,718,0.062130177514792884,907,0.6490909090909092,238,-0.3388888888888889,378,,,,3933,,38,0.08571428571428563
104,,7월,1305418,0.05137524977267767,130245,-0.04991684173669464,24004,-0.05130029246699863,4330,0.11425630468347925,235,-0.10305343511450382,42,-0.06666666666666665,894,0.23480662983425415,552,0.24604966139954842,292,-0.02341137123745818,377,,,,3705,,24,-0.4418604651162791
105,,8월,1334651,0.07009898799091101,131807,0.017775375468128685,16770,-0.028783228123009263,4174,0.09324253535882665,129,-0.4415584415584416,17,-0.7571428571428571,701,-0.17915690866510536,535,-0.0743944636678201,275,-0.028268551236749095,348,,,,3720,,31,-0.3921568627450981
106,,9월,1059709,0.045586266301071425,103249,0.08463946550130252,14101,-0.04328651875975309,3690,0.08179419525065956,195,-0.2585551330798479,22,-0.5510204081632653,603,-0.22093023255813948,681,0.04447852760736204,209,0.15469613259668513,357,,,,3063,,34,0.2592592592592593
107,,10월,1154742,0.11829779321685588,104436,0.1190810411152663,13617,0.2637587006960558,4139,0.3642056690837179,148,-0.26732673267326734,38,0.2666666666666666,563,-0.5625485625485626,719,0.12168486739469575,242,0.30810810810810807,326,,,,3779,,35,-0.10256410256410253
108,,11월,1117550,0.14708161620930865,99150,0.14308442569086566,7292,0.019005030743432183,4029,0.011295180722891596,171,0.04268292682926833,20,-0.4117647058823529,541,-0.1357827476038339,1163,0.2465166130760985,302,0.06338028169014076,376,,,,4815,,37,-0.05128205128205132
109,,12월,1169970,0.1463011733722106,117606,0.1545960592583866,11221,0.08825526137135098,3552,-0.01633896427582382,168,0.03703703703703698,32,-0.17948717948717952,756,-0.07579462102689483,1071,0.07638190954773871,377,0.3181818181818181,357,,,,5886,,27,-0.15625
110,2013년,1월,1425900,0.18747616136817508,135766,0.10046931612777721,10429,0.13642802658820963,44339,-0.11302486547040347,210,-0.07079646017699115,13,-0.75,1027,0.09722222222222232,1870,0.3224893917963225,385,0.24595469255663427,399,0.15317919075144504,11175,0.05544012089157535,5049,0.22518806115020618,22,-0.24137931034482762
111,,2월,1184807,0.02996781804241203,91720,0.003654826778718867,8325,0.006285507071195351,44339,,176,0.1428571428571428,33,-0.2666666666666667,614,0.15413533834586457,1089,-0.09174311926605505,247,0.051063829787234116,425,-0.06387665198237891,,,3699,0.05144968732234223,18,-0.6
112,,3월,1113946,0.09322715888481499,92551,0.09448800274358149,8175,0.08927381745503005,44339,,252,0,30,0.25,852,0.3876221498371335,1113,-0.042992261392949316,352,-0.10659898477157359,370,-0.1973969631236443,,,5157,0.19651972157772613,23,-0.42500000000000004
113,,4월,1097420,0.07733312390479509,94652,0.07234948904447913,8842,0.13402590740028208,44339,,156,-0.054545454545454564,36,1.4,633,-0.19053708439897699,888,-0.0623020063357973,220,-0.2971246006389776,315,-0.15322580645161288,,,4383,0.3197831978319783,26,-0.1875
114,,5월,1185405,0.08063722138657185,120355,0.15319018463690637,13985,0.07107298766944936,44339,,126,-0.43999999999999995,56,1.2400000000000002,712,0.15397082658022687,701,0.032400589101620136,273,0.08764940239043817,272,-0.24233983286908078,,,4695,0.36324041811846697,32,-0.3191489361702128
115,,6월,1221491,0.10116355486881949,131007,0.12331832797427644,18518,0.040512445917851414,44339,,286,0.1673469387755102,59,2.2777777777777777,726,0.011142061281337101,554,-0.3891951488423374,241,0.012605042016806678,287,-0.2407407407407407,,,4699,0.19476226798881258,21,-0.4473684210526315
116,,7월,1417422,0.08579933783661632,151207,0.16094283849667934,24728,0.030161639726712153,44339,,226,-0.03829787234042559,24,-0.4285714285714286,657,-0.2651006711409396,657,0.1902173913043479,326,0.11643835616438358,311,-0.17506631299734743,,,4697,0.2677462887989204,23,-0.04166666666666663
117,,8월,1407186,0.05434754104256469,143227,0.08664183237612577,18046,0.07608825283243892,44339,,438,2.395348837209302,22,0.2941176470588236,541,-0.22824536376604854,588,0.09906542056074774,320,0.16363636363636358,256,-0.26436781609195403,,,4470,0.2016129032258065,22,-0.29032258064516125
118,,9월,1195238,0.12789265732385022,123909,0.20009879030305378,16638,0.17991631799163188,44339,,105,-0.46153846153846156,41,0.8636363636363635,479,-0.20563847429519067,516,-0.2422907488986784,249,0.19138755980861255,302,-0.15406162464985995,,,3994,0.30395037544890635,20,-0.4117647058823529
119,,10월,1239143,0.07309078564735673,117240,0.12260140181546597,13068,-0.040317250495703894,44339,,140,-0.05405405405405406,10,-0.736842105263158,443,-0.2131438721136767,772,0.07371349095966617,223,-0.07851239669421484,257,-0.2116564417177914,,,5135,0.3588250860015878,23,-0.34285714285714286
120,,11월,1154064,0.03267325846718268,108660,0.0959152798789713,7478,0.025507405375754244,44339,,241,0.4093567251461989,23,0.1499999999999999,494,-0.08687615526802217,965,-0.17024935511607908,328,0.08609271523178808,295,-0.21542553191489366,,,6192,0.28598130841121505,24,-0.3513513513513513
121,,12월,1204463,0.029481952528697317,127630,0.08523374657755567,10291,-0.08288031369753146,44339,,210,0.25,22,-0.3125,1004,0.32804232804232814,1053,-0.01680672268907568,318,-0.156498673740053,291,-0.18487394957983194,,,7079,0.20268433571185862,32,0.18518518518518512
122,2014년,1월,1468903,0.03015849638824602,145109,0.06881693502055009,10459,0.002876594112570796,45522,0.026680800198470855,188,-0.10476190476190472,37,1.8461538461538463,1046,0.01850048685491723,1979,0.05828877005347599,430,0.11688311688311681,346,-0.1328320802005013,17265,0.5449664429530201,6241,0.23608635373341258,3834,12.405594405594405
123,,2월,1312683,0.10792981472931884,83750,-0.08689489751417356,8922,0.07171171171171165,,,272,0.5454545454545454,71,1.1515151515151514,616,0.0032573289902280145,1285,0.17998163452708904,278,0.1255060728744939,357,-0.16000000000000003,,,5323,0.4390375777237092,,
124,,3월,1150959,0.03322692482400402,97189,0.05011291071949531,8764,0.07204892966360865,,,182,-0.2777777777777778,28,-0.06666666666666665,681,-0.20070422535211263,1302,0.16981132075471694,372,0.05681818181818188,386,0.043243243243243246,,,6171,0.1966259453170447,,
125,,4월,1179885,0.07514442966229895,108043,0.14147614419135368,10969,0.24055643519565706,,,54,-0.6538461538461539,22,-0.38888888888888884,938,0.4818325434439179,1013,0.14076576576576572,295,0.34090909090909083,255,-0.19047619047619047,,,5933,0.35363906000456313,,
126,,5월,1223003,0.0317174299079217,119619,-0.006115242407876753,17133,0.22509831962817306,,,158,0.25396825396825395,37,-0.3392857142857143,672,-0.0561797752808989,660,-0.05848787446504988,256,-0.06227106227106227,326,0.19852941176470584,,,5650,0.2034078807241746,,
127,,6월,1270439,0.0400723378232013,133790,0.021243139679559153,20635,0.11432120099362786,,,150,-0.4755244755244755,54,-0.0847457627118644,699,-0.037190082644628086,673,0.21480144404332124,363,0.5062240663900415,239,-0.16724738675958184,,,5946,0.26537561183230474,,
128,,7월,1454795,0.026366882974865558,148996,-0.014622338912881006,28997,0.1726383047557425,,,136,-0.3982300884955752,32,0.33333333333333326,820,0.24809741248097406,803,0.22222222222222232,316,-0.030674846625766916,325,0.045016077170418,,,5227,0.11283798169044079,,
129,,8월,1547193,0.09949430992065023,150522,0.05093313411577416,20603,0.14169345007203815,,,201,-0.5410958904109588,28,0.2727272727272727,1054,0.9482439926062847,704,0.19727891156462585,397,0.2406250000000001,324,0.265625,,,5600,0.2527964205816555,,
130,,9월,1321293,0.10546435103301599,120384,-0.028448296733893375,19661,0.181692511119125,,,102,-0.02857142857142858,15,-0.6341463414634146,708,0.47807933194154484,680,0.317829457364341,275,0.10441767068273089,245,-0.1887417218543046,,,5259,0.31672508763144713,,
131,,10월,1432100,0.15571810517430196,126819,0.08170419651995897,17946,0.3732782369146006,,,145,0.03571428571428581,26,1.6,695,0.5688487584650113,1019,0.31994818652849744,298,0.33632286995515703,331,0.28793774319066157,,,7071,0.3770204479065238,,
132,,11월,1288754,0.11670929861775425,105671,-0.027507822565801532,8368,0.11901577962021936,,,162,-0.3278008298755186,38,0.6521739130434783,750,0.5182186234817814,1240,0.2849740932642486,299,-0.08841463414634143,361,0.22372881355932206,,,7064,0.14082687338501287,,
133,,12월,1430677,0.1878131582290199,133473,0.045780772545639836,11313,0.09931007676610637,,,110,-0.47619047619047616,37,0.6818181818181819,1171,0.16633466135458175,1273,0.20892687559354228,373,0.17295597484276737,385,0.32302405498281783,,,9605,0.3568300607430428,,
134,2015년,1월,1834538,0.24891704898145078,160175,0.10382540021638897,11115,0.06272110144373277,50725,0.11429638416589771,89,-0.5265957446808511,77,1.0810810810810811,1298,0.24091778202676872,3015,0.5234967155128853,461,0.0720930232558139,439,0.26878612716762995,23094,0.33761946133796705,7594,0.21679218074026596,5042,0.315075639019301
135,,2월,1445609,0.10126283344874581,118912,0.4198447761194031,9397,0.05323918403945305,,,87,-0.6801470588235294,45,-0.3661971830985915,682,0.1071428571428572,1627,0.26614785992217893,432,0.5539568345323742,441,0.23529411764705888,,,6317,0.1867368025549503,,
136,,3월,1416683,0.23087182080334748,113589,0.1687433763080184,9197,0.0494066636239161,,,191,0.0494505494505495,30,0.0714285714285714,694,0.019089574155653377,1814,0.3932411674347158,350,-0.05913978494623651,520,0.3471502590673574,,,8675,0.40576891913790303,,
137,,4월,1495460,0.2674625069392356,132226,0.223827550142073,11823,0.0778557753669431,,,115,1.1296296296296298,31,0.40909090909090917,998,0.06396588486140731,1469,0.45014807502467913,327,0.1084745762711865,329,0.29019607843137263,,,6945,0.17057138041463005,,
138,,5월,1579265,0.2913010025322914,154737,0.2935821232412912,19841,0.15805754975777742,,,95,-0.3987341772151899,26,-0.29729729729729726,677,0.007440476190476275,726,0.10000000000000009,230,-0.1015625,349,0.07055214723926384,,,7901,0.39840707964601774,,
139,,6월,1373551,0.08116249579869636,147947,0.10581508333956191,24961,0.20964380906227276,,,140,-0.06666666666666665,23,-0.5740740740740741,2902,3.1516452074391985,733,0.08915304606240704,356,-0.019283746556473802,380,0.5899581589958158,,,7535,0.267238479650185,,
140,,7월,1675332,0.1515931797950914,176272,0.1830653171897232,32107,0.10725247439390273,,,254,0.8676470588235294,34,0.0625,889,0.08414634146341471,966,0.20298879202988784,308,-0.025316455696202556,490,0.5076923076923077,,,7300,0.3965946049359097,,
141,,8월,1835249,0.18617974615965815,161642,0.07387624400419868,22622,0.09799543755763729,,,171,-0.14925373134328357,38,0.3571428571428572,,,864,0.2272727272727273,289,-0.2720403022670025,415,0.2808641975308641,,,7572,0.3521428571428571,,
142,,9월,1511657,0.14407402445937426,146037,0.2130931020733653,20968,0.06647678144550118,,,124,0.21568627450980382,37,1.4666666666666668,,,1738,0.022954679223072372,250,-0.09090909090909094,376,0.5346938775510204,,,6339,0.20536223616657168,,
143,,10월,1735308,0.21172264506668528,153690,0.2118846545076054,20265,0.12922099632230033,,,210,0.4482758620689655,26,0,,,,,300,0.006711409395973256,415,0.25377643504531733,,,8146,0.1520294159241975,,
144,,11월,1626063,0.26173265029633275,145991,0.3815616394280361,9718,0.16132887189292533,,,170,0.04938271604938271,23,-0.39473684210526316,,,1555,0.25403225806451624,378,0.2642140468227425,526,0.4570637119113574,,,10553,0.4939127972819932,,
145,,12월,1781715,0.2453649565904812,164238,0.23049605538198747,12727,0.12498895076460714,,,165,0.5,36,-0.027027027027026973,,,1872,0.4705420267085625,486,0.30294906166219837,420,0.09090909090909083,,,10577,0.10119729307652259,,
146,2016년,1월,2112337,0.1514272258192526,181347,0.1321804276572498,12658,0.13882141250562308,50312,-0.008141941843272549,201,1.2584269662921348,42,-0.4545454545454546,,,16323,-0.0034190121497038595,502,0.08893709327548804,492,0.12072892938496582,21347,-0.07564735429115788,9365,0.23321042928627866,5053,0.002181673938913109
147,,2월,1876928,0.29836491056710357,150529,0.2658856969860064,11806,0.2563584122592317,,,183,1.103448275862069,34,-0.24444444444444446,,,,,415,-0.03935185185185186,,,,,7307,0.1567199620072819,,
148,,3월,1569162,0.1076309943720648,126499,0.11365537155886574,10341,0.12438838751766879,,,190,-0.005235602094240788,26,-0.1333333333333333,,,,,451,0.2885714285714285,,,,,8465,-0.02420749279538903,,
149,,4월,1636597,0.09437698099581393,136312,0.030901638104457563,14582,0.23335870760382305,,,146,0.26956521739130435,21,-0.32258064516129037,,,,,292,-0.10703363914373087,,,,,7217,0.03916486681065523,,
150,,5월,1656728,0.049050032768408025,154922,0.0011955770113158959,21143,0.06562169245501748,,,206,1.168421052631579,18,-0.3076923076923077,,,,,283,0.23043478260869565,,,,,6931,-0.12276926971269464,,
151,,6월,1778317,0.2946858180002052,172488,0.16587696945527797,29325,0.17483273907295382,,,191,0.3642857142857143,46,1,,,,,321,-0.098314606741573,,,,,6245,-0.17120106171201066,,
152,,7월,2086068,0.24516692810738405,195374,0.10836661523100655,41841,0.3031737627308686,,,256,0.007874015748031482,41,0.2058823529411764,,,,,368,0.19480519480519476,,,,,6646,-0.08958904109589039,,
153,,8월,2064241,0.1247743494207052,171043,0.05815938926764086,31165,0.3776412341967996,,,248,0.45029239766081863,16,-0.5789473684210527,,,,,286,-0.01038062283737029,,,,,7295,-0.036582144743792955,,
154,,9월,1904524,0.2598916288549584,179262,0.22751083629491164,33283,0.5873235406333461,,,220,0.7741935483870968,19,-0.4864864864864865,,,,,279,0.1160000000000001,,,,,6065,-0.04322448335699636,,
155,,10월,1865552,0.075055263964668,168447,0.09601795822760106,23195,0.1445842585738959,,,215,0.023809523809523725,49,0.8846153846153846,,,,,343,0.1433333333333333,,,,,7363,-0.09612079548244534,,
156,,11월,1825701,0.12277384086594423,159663,0.0936496085375127,11170,0.1494134595595802,,,197,0.1588235294117648,33,0.4347826086956521,,,,,373,-0.013227513227513255,,,,,9048,-0.1426134748412774,,
157,,12월,2007035,0.12646242524758455,186630,0.13633872794359414,14250,0.11966685000392863,,,170,0.030303030303030276,25,-0.3055555555555556,,,,,429,-0.11728395061728392,,,,,10246,-0.031294317859506426,,
158,2017년,1월,2343048,0.10922073513837982,206737,0.14000783029220232,15946,0.25975667562016125,42997,-0.14539274924471302,270,0.34328358208955234,60,0.4285714285714286,,,20410,0.2503828953011089,506,0.007968127490039834,,,29323,0.37363563966833757,9007,-0.03822744260544586,5606,0.10943993667128438
159,,2월,2231269,0.18878774252395414,171611,0.14005274731114925,12419,0.05192275114348632,,,185,0.010928961748633892,74,1.176470588235294,,,,,564,0.35903614457831323,,,,,7518,0.02887641987135625,,
160,,3월,1940542,0.23667409738446388,158169,0.2503577103376311,12672,0.22541340295909484,,,140,-0.26315789473684215,27,0.03846153846153855,,,,,498,0.10421286031042132,,,,,8169,-0.03496751329001768,,
161,,4월,2003943,0.2244572121298034,181498,0.3314895240331006,19846,0.36099300507474963,,,236,0.6164383561643836,26,0.23809523809523814,,,,,419,0.43493150684931514,,,,,7810,0.08216710544547601,,
162,,5월,2003834,0.2095129677291625,182857,0.18031654639108718,26633,0.259660407699948,,,260,0.2621359223300972,52,1.8888888888888888,,,,,442,0.5618374558303887,,,,,7848,0.132304140816621,,
163,,6월,2098126,0.17983801538195943,198157,0.1488161495292426,33701,0.1492242114236999,,,367,0.9214659685863875,33,-0.28260869565217395,,,,,331,0.031152647975077885,,,,,7117,0.13963170536429148,,
164,,7월,2389447,0.14543102142403797,219753,0.12478118889923939,41148,-0.016562701656270162,,,423,0.65234375,24,-0.41463414634146345,,,,,449,0.22010869565217384,,,,,9545,0.4362022269034005,,
165,,8월,2385301,0.15553416485768867,202835,0.1858713890659074,30231,-0.029969517086475217,,,155,-0.375,10,-0.375,,,,,337,0.17832167832167833,,,,,8715,0.19465387251542143,,
166,,9월,2236500,0.08344907401800472,219849,0.22641162097934875,41309,0.24114412763272552,,,190,-0.13636363636363635,18,0.125,,,,,382,0.3691756272401434,,,,,8409,0.3864798021434459,,
167,,10월,2231748,0.19629364391879722,203809,0.2099295327313635,34917,0.5053675361069196,,,188,-0.12558139534883717,14,-0.7142857142857143,,,,,328,-0.04373177842565601,,,,,9686,0.3154964009235366,,
168,,11월,2227747,0.22021459154593215,178959,0.12085454989571787,16479,0.475290957923008,,,275,0.3959390862944163,21,-0.36363636363636365,,,,,465,0.2466487935656836,,,,,10511,0.1616931918656057,,
169,,12월,2342310,0.16704990196982106,210605,0.12846273375127248,16175,0.1350877192982456,,,,,31,0.24,,,,,470,0.09557109557109555,,,,,12383,0.20856919773570182,,
170,2018년,1월,2866780,0.2235259371553635,224005,0.08352641278532635,15156,-0.04954220494167816,33845,-0.21285205944600782,295,0.09259259259259256,29,-0.5166666666666666,,,22994,0.12660460558549724,577,0.14031620553359692,,,32133,0.09582921256351673,12413,0.37815032752303757,5370,-0.04209775240813418
171,,2월,2311009,0.03573751080663068,168171,-0.020045335089242555,10934,-0.11957484499557125,,,271,0.4648648648648648,34,-0.5405405405405406,,,,,549,-0.02659574468085102,,,,,9237,0.22865123703112533,,
172,,3월,2252565,0.16079167572770903,156455,-0.010836510314916281,13359,0.05421401515151514,,,321,1.2928571428571427,30,0.11111111111111116,,,,,497,-0.002008032128514081,,,,,10514,0.28706083976006846,,
173,,4월,2230200,0.11290590600630845,170804,-0.05892075945740449,15786,-0.2045752292653431,,,207,-0.1228813559322034,15,-0.42307692307692313,,,,,301,-0.2816229116945107,,,,,10045,0.2861715749039693,,
174,,5월,2331565,0.1635519708718387,189192,0.03464455831606128,25296,-0.05020087860924416,,,123,-0.5269230769230769,18,-0.6538461538461539,,,,,393,-0.11085972850678738,,,,,9152,0.16615698267074408,,
175,,6월,2323986,0.10764844437369359,202116,0.01997910747538567,32411,-0.03827779591110059,,,236,-0.35694822888283384,47,0.4242424242424243,,,,,295,-0.10876132930513593,,,,,9439,0.3262610650555009,,
176,,7월,2495297,0.044298952853944806,218681,-0.004878204165585931,42845,0.041241372606201976,,,285,-0.3262411347517731,34,0.41666666666666674,,,,,385,-0.1425389755011136,,,,,9843,0.031220534311157566,,
177,,8월,2519860,0.05641174845438801,201782,-0.005191411738605267,23646,-0.2178227647117198,,,220,0.4193548387096775,37,2.7,,,,,454,0.34718100890207726,,,,,9140,0.048766494549627115,,
178,,9월,2225756,-0.004803934719427638,192400,-0.12485387697919936,25294,-0.38768791304558325,,,196,0.03157894736842115,16,-0.11111111111111116,,,,,296,-0.22513089005235598,,,,,8262,-0.01748127006778455,,
179,,10월,2347876,0.05203454870352742,178648,-0.12345382196075738,24067,-0.310736890339949,,,237,0.2606382978723405,23,0.6428571428571428,,,,,309,-0.057926829268292734,,,,,10317,0.06514557092711137,,
180,,11월,2295810,0.030552392170206,139298,-0.22162059466134698,11315,-0.31336852964378903,,,277,0.0072727272727273196,7,-0.6666666666666667,,,,,318,-0.31612903225806455,,,,,11507,0.09475787270478553,,
181,,12월,2495279,0.06530689789139776,169045,-0.19733624557821516,13127,-0.18843894899536318,,,197,-,18,-0.4193548387096774,,,,,505,0.07446808510638303,,,,,12438,0.004441573124444709,,
182,2019년,1월,2912331,0.01588925554105991,211479,-0.0559183946786902,14639,-0.03411190287674848,39321,0.16179642487812074,305,0.03389830508474567,33,0.13793103448275867,,,,,787,0.3639514731369151,,,,,11778,-0.05115604608072177,,
183,,2월,2617946,0.13281514697692653,165478,-0.01601346248758706,12993,0.1883116883116882,,,189,-0.3025830258302583,39,0.1470588235294117,,,,,505,-0.08014571948998184,,,,,10647,0.15264696329977268,,
184,,3월,2334153,0.03622004248490063,144854,-0.07414911635933652,11156,-0.16490755296055093,,,366,0.14018691588785037,18,-0.4,,,,,403,-0.18913480885311873,,,,,11040,0.050028533384059326,,
185,,4월,2246417,0.007271545152901071,159186,-0.0680194843212103,17621,0.11624223995945782,,,294,0.42028985507246386,23,0.5333333333333334,,,,,369,0.2259136212624584,,,,,9997,-0.004778496764559437,,
186,,5월,2401204,0.029867921331809377,187309,-0.009952852129054057,27673,0.09396742567994942,,,262,1.130081300813008,33,0.8333333333333333,,,,,320,-0.18575063613231557,,,,,9812,0.07211538461538458,,
187,,6월,2495798,0.07392987737447654,198870,-0.016060084308021083,30830,-0.048779735275060965,,,230,-0.025423728813559365,15,-0.6808510638297872,,,,,271,-0.08135593220338988,,,,,8515,-0.09789172581841299,,
188,,7월,2642585,0.059026240162994625,222906,0.0193203799141215,41235,-0.03757731357217875,,,251,-0.11929824561403513,30,-0.11764705882352944,,,,,474,0.23116883116883113,,,,,9679,-0.016661586914558546,,
189,,8월,2427634,-0.03659965236163909,209738,0.03942869036881391,30508,0.2901970735008035,,,187,-0.15000000000000002,100,1.7027027027027026,,,,,320,-0.2951541850220264,,,,,7984,-0.12647702407002193,,
190,,9월,2049830,-0.0790410089875081,195890,0.01813929313929319,32709,0.2931525262908199,,,195,-0.005102040816326481,18,0.125,,,,,304,0.027027027027026973,,,,,7667,-0.07201646090534974,,
191,,10월,2153847,-0.0826402246115212,202448,0.13322287403161526,18998,-0.21062035151867697,,,228,-0.03797468354430378,43,0.8695652173913044,,,,,321,0.03883495145631066,,,,,10031,-0.02772123679364158,,
192,,11월,2090192,-0.08956228956228951,177888,0.2770319746155723,11991,0.05974370304904997,,,531,0.9169675090252707,18,1.5714285714285716,,,,,397,0.2484276729559749,,,,,10782,-0.06300512731380903,,
193,,12월,2342310,-0.061303365274985255,222233,0.314638114111627,16414,0.2503999390569056,,,506,1.5685279187817258,37,1.0555555555555554,,,,,462,-0.08514851485148511,,,,,12492,0.004341534008682979,,
194,2020년,1월,2513030,-0.13710701153131288,233958,0.10629424198147341,15115,0.03251588223239299,,,738,1.419672131147541,26,-0.21212121212121215,,,,,538,-0.3163913595933926,,,,,12038,0.02207505518763786,,
195,,2월,1046779,-0.6001525623523174,135959,-0.1783862507402797,10843,-0.16547371661663968,,,373,0.9735449735449735,21,-0.46153846153846156,,,,,733,0.45148514851485144,,,,,11259,0.05748098055790374,,
196,,3월,143366,-0.9385790048895681,20838,-0.8561448078755161,3335,-0.7010577267837934,,,292,-0.20218579234972678,1,-0.9444444444444444,,,,,157,-0.6104218362282878,,,,,3806,-0.6552536231884059,,
197,,4월,31425,-0.9860110567183208,1904,-0.9880391491714096,122,-0.9930764428806538,,,0.01,-0.9999659863945578,0.01,-0.9995652173913043,,,,,0.01,-0.9999728997289973,,,,,282,-0.9717915374612384,,
198,,5월,37802,-0.9842570643727063,2518,-0.98655697270286,94,-0.9966031872222021,,,0.01,-0.9999618320610687,0.01,-0.9996969696969698,,,,,0.01,-0.99996875,,,,,281,-0.9713615980432124,,
199,,6월,48353,-0.9806262365784411,4443,-0.9776587720621511,379,-0.9877067791112553,,,0.01,-0.9999565217391304,0.01,-0.9993333333333333,,,,,1,-0.996309963099631,,,,,703,-0.9174398120963007,,
200,,7월,65936,-0.9750486739310184,5632,-0.9747337442688846,534,-0.9870498363041106,,,24,-0.9043824701195219,1,-0.9666666666666667,,,,,0,-1,,,,,588,-0.9392499225126563,,
201,,8월,88888,-0.9633849254047356,11577,-0.9448025631978945,1234,-0.9595515930247804,,,25,-0.8663101604278075,1,-0.99,,,,,1,-0.996875,,,,,1125,-0.8590931863727455,,
202,,9월,76798,-0.9625344540766795,5677,-0.9710194496911532,595,-0.9818092879635574,,,32,-0.8358974358974359,0,-1,,,,,4,-0.9868421052631579,,,,,922,-0.8797443589409156,,
203,,10월,71970,-0.9665853702700331,4920,-0.9756974630522406,391,-0.9794188861985472,,,41,-0.8201754385964912,0,-1,,,,,10,-0.9688473520249221,,,,,1068,-0.8935300568238461,,
204,,11월,70686,-0.966182054088811,4556,-0.974388379204893,476,-0.9603035610040864,,,126,-0.7627118644067796,17,-0.05555555555555558,,,,,24,-0.9395465994962217,,,,,1459,-0.8646818772027454,,
205,,12월,80973,-0.9654302803642558,7304,-0.96713359402069,743,-0.9547337638601194,,,126,-0.7509881422924901,4,-0.8918918918918919,,,,,38,-0.9177489177489178,,,,,1774,-0.8579891130323407,,
206,2021년,1월,86143,-0.9657214597517738,10321,-0.9558852443600988,773,-0.9488587495865035,,,92,-0.8753387533875339,0,-1,,,,,24,-0.9553903345724907,,,,,1594,-0.8675859777371656,,
207,,2월,68213,-0.9348353377360455,4850,-0.9643274810788547,607,-0.9440191828829659,,,57,-0.8471849865951743,1,-0.9523809523809523,,,,,27,-0.9631650750341064,,,,,1058,-0.9060307309707789,,
208,,3월,73999,-0.4838455421787593,5391,-0.7412899510509645,465,-0.8605697151424287,,,103,-0.6472602739726028,0,,,,,,45,-0.713375796178344,,,,,1381,-0.6371518654755649,,
209,,4월,71302,1.2689578361177407,5863,2.0793067226890756,432,2.540983606557377,,,158,,2,,,,,,69,,,,,,1528,4.418439716312057,,
210,,5월,75416,0.9950267181630601,8769,2.4825258141382047,450,3.787234042553192,,,278,,1,,,,,,51,,,,,,2119,6.540925266903915,,
211,,6월,79446,0.6430417967861353,12560,1.8269187485932927,494,0.30343007915567277,,,311,,3,299,,,,,57,56,,,,,2613,2.716927453769559,,
212,,7월,101963,0.5463934724581412,16673,1.9604048295454546,645,0.2078651685393258,,,197,7.208333333333334,2,1,,,,,79,,,,,,2886,3.908163265306122,,
213,,8월,137712,0.5492754927549275,29212,1.5232789150902653,1229,-0.004051863857374438,,,562,21.48,0,,,,,,73,72,,,,,3262,1.8995555555555557,,
214,,9월,116615,0.5184640225005859,20400,2.5934472432622866,2551,3.287394957983193,,,278,7.6875,3,,,,,,91,21.75,,,,,2463,1.6713665943600868,,
215,,10월,124399,0.7284840905933028,22182,3.508536585365854,2184,4.585677749360614,,,451,10,3,,,,,,61,5.1,,,,,3313,2.102059925093633,,
216,,11월,147907,1.0924511218628865,33707,6.3983757682177345,2435,4.1155462184873945,,,643,4.103174603174603,1,-0.9411764705882353,,,,,132,4.5,,,,,4067,1.7875257025359836,,
217,,12월,139426,0.721882602842923,32783,3.4883625410733847,3615,3.8654104979811574,,,867,5.880952380952381,2,-0.5,,,,,149,2.9210526315789473,,,,,5027,1.833709131905299,,
218,2022년,1월,147434,0.711502965998398,31315,2.0341052223621743,1764,1.2820181112548514,,,750,7.1521739130434785,0,,,,,,132,4.5,,,,,3545,1.22396486825596,,
219,,2월,112722,0.6525002565493381,17577,2.6241237113402063,1388,1.28665568369028,,,764,12.403508771929825,2,1,,,,,134,3.962962962962963,,,,,2892,1.7334593572778827,,
220,,3월,145503,0.9662833281530832,24887,3.616397699870154,1890,3.064516129032258,,,838,7.135922330097088,6,,,,,,164,2.6444444444444444,,,,,3829,1.7726285300506879,,
221,,4월,215246,2.0187933017306667,43721,6.457103871738018,3199,6.405092592592593,,,872,4.518987341772152,2,0,,,,,231,2.347826086956522,,,,,4922,2.2212041884816753,,
222,,5월,315945,3.1893629998939215,70641,7.055764625384878,6208,12.795555555555556,,,836,2.0071942446043165,13,12,,,,,199,2.9019607843137254,,,,,5269,1.4865502595563944,,
223,,6월,412798,4.195957002240515,86165,5.860270700636943,8893,17.002024291497975,,,852,1.739549839228296,6,1,,,,,145,1.543859649122807,,,,,4447,0.701875239188672,,
224,,7월,674022,5.610456734305582,114841,5.887842619804474,13897,20.545736434108527,,,845,3.2893401015228427,17,7.5,,,,,261,2.3037974683544302,,,,,5333,0.8478863478863479,,
225,,8월,702153,4.098705995120251,111670,2.8227440777762562,9925,7.0756712774613515,,,903,0.606761565836299,2,,,,,,245,2.356164383561644,,,,,5221,0.6005518087063151,,
226,,9월,619954,4.316245765982078,98431,3.8250490196078433,9306,2.647981183849471,,,492,0.7697841726618706,18,5,,,,,222,1.4395604395604398,,,,,4747,0.9273244011368249,,
227,,10월,773480,5.217734869251361,105200,3.7425840771796954,7928,2.63003663003663,,,575,0.2749445676274944,16,4.333333333333333,,,,,220,2.6065573770491803,,,,,5828,0.7591306972532448,,
228,,11월,1041431,6.041120433786095,96436,1.8610080992078797,6073,1.4940451745379875,,,1035,0.6096423017107309,11,10,,,,,210,0.5909090909090908,,,,,7008,0.7231374477501844,,
229,,12월,1393343,8.993423034441209,118912,2.627245828630693,7855,1.172890733056708,,,1218,0.40484429065743943,6,2,,,,,299,1.0067114093959733,,,,,8568,0.7043962601949474,,
230,2023년,1월,1782313,11.088887230896537,141825,3.52897972217787,7519,3.262471655328798,,,1707,1.2759999999999998,23,,,,,,302,1.287878787878788,,,,,7614,1.1478138222849084,,
231,,2월,1724880,14.302070580720711,116425,5.623712806508506,6047,3.356628242074928,,,1153,0.5091623036649215,13,5.5,,,,,286,1.1343283582089554,,,,,6308,1.18118948824343,,
232,,3월,1472193,9.117956330797304,106087,3.2627476192389597,5458,1.8878306878306876,,,1116,0.33174224343675407,10,0.6666666666666667,,,,,285,0.7378048780487805,,,,,6983,0.8237137633846958,,
233,,4월,1497105,5.955320888657629,118631,1.713364287184648,7185,1.2460143794935918,,,1038,0.19036697247706424,,,,,,,285,0.23376623376623384,,,,,7218,0.4664770418529054,,
234,,5월,1683022,4.326946145689915,130494,0.8472841550940673,,,,,937,0.1208133971291867,,,,,,,243,0.22110552763819102,,,,,,,,
235,,6월,,,,,,,,,,,,,,,,,,,,,,,,,,
236,,7월,,,,,,,,,,,,,,,,,,,,,,,,,,
237,,8월,,,,,,,,,,,,,,,,,,,,,,,,,,
238,,9월,,,,,,,,,,,,,,,,,,,,,,,,,,
239,,10월,,,,,,,,,,,,,,,,,,,,,,,,,,
240,,11월,,,,,,,,,,,,,,,,,,,,,,,,,,
241,,12월,,,,,,,,,,,,,,,,,,,,,,,,,,
242,2000년,누계,5508242,0.269,,,,,,,197,,,,,,2707,,2059,,,,3880,,,,,
243,2001년,누계,6084476,0.10461305077010041,,,,,,,381,0.9340101522842639,227,,,,2761,0.019948282231252223,2117,0.028169014084507005,,,3298,-0.15000000000000002,,,,
244,2002년,누계,7123407,0.17075110494313717,,,,,,,518,0.3595800524934383,219,-0.03524229074889873,,,2765,0.0014487504527345152,2417,0.14170996693434113,,,4612,0.3984232868405093,,,,
245,2003년,누계,7086133,-0.005232608497591107,617573,,,,19498,,822,0.5868725868725868,179,-0.182648401826484,,,4291,0.5518987341772152,2471,0.022341745966073745,,,5029,0.09041630529054645,,,,
246,2004년,누계,8825585,0.24547267176610998,626595,0.014608799283647445,190982,,21353,0.09513796286798648,739,-0.1009732360097324,213,0.1899441340782122,,,6181,0.44045676998368677,2444,-0.01092675030352086,,,100,-0.9801153310797375,,,1099,
247,2005년,누계,10080143,0.14215012375950153,705093,0.12527709285902366,191319,0.0017645641997674488,24315,0.1387158713061396,968,0.30987821380243563,182,-0.14553990610328638,,,5951,-0.03721080731273252,3238,0.32487725040916526,,,434,3.34,26219,,924,-0.15923566878980888
248,2006년,누계,11609879,0.15175737090237718,757721,0.07463979928888809,201815,0.054861252672238514,30359,0.24857084104462257,1436,0.48347107438016534,178,-0.02197802197802201,10302,,7333,0.232229877331541,2703,-0.16522544780728843,,,255,-0.4124423963133641,31778,0.21202181624013128,1286,0.3917748917748918
249,2007년,누계,13324977,0.147727465548952,806175,0.06394702007731068,212602,0.053449941778361376,39749,0.309298725254455,2318,0.6142061281337048,238,0.3370786516853932,12019,0.16666666666666674,7750,0.05686622119187246,2966,0.09729929707732143,,,8878,33.8156862745098,37435,0.1780162376486878,2513,0.9541213063763607
250,2008년,누계,11996094,-0.09972872748673411,759394,-0.05802834372189658,196564,-0.07543673154532882,42365,0.06581297642707984,2049,-0.11604831751509925,211,-0.11344537815126055,10373,-0.13694982943672518,7856,0.013677419354838793,2697,-0.09069453809844907,,,9840,0.10835773822933104,35696,-0.046453853345799434,663,-0.7361719060883407
251,2009년,누계,9494111,-0.2085664717198782,743846,-0.020474220233501983,144141,-0.2666968519159154,24140,-0.4301900153428537,2005,-0.021473889702293802,291,0.37914691943127954,9361,-0.09756097560975607,6582,-0.16216904276985744,2724,0.010011123470522909,,,7824,-0.20487804878048776,26178,-0.2666405199462124,1688,1.5460030165912517
252,2010년,누계,12488364,0.3153800287357078,1107518,0.4889076502394314,169953,0.17907465606593553,30859,0.2783347141673571,2468,0.2309226932668329,375,0.2886597938144331,8810,-0.05886123277427624,6541,-0.006229109693102419,2770,0.016886930983847304,,,10157,0.29818507157464214,34965,0.33566353426541373,2044,0.2109004739336493
253,2011년,누계,12693733,0.01644482816163917,1211197,0.09361382839827437,155683,-0.08396439015492518,44630,0.44625554943452483,2427,-0.01661264181523503,477,0.272,9288,0.05425652667423386,9808,0.49946491362177037,3311,0.19530685920577628,3486,,12059,0.18726001772176826,40303,0.15266695266695263,2621,0.2822896281800391
254,2012년,누계,13736976,0.08218567382817965,1295069,0.0692471992582544,150611,-0.03257902275778346,49989,0.12007618194039882,2313,-0.046971569839307836,350,-0.2662473794549266,8257,-0.11100344530577089,11030,0.12459216965742259,3435,0.03745092117185145,4511,0.2940332759609867,13318,0.10440335019487512,47615,0.18142570032007543,2818,0.07516215185043884
255,2013년,누계,14846485,0.08076806714956763,1437924,0.11030686395859979,158523,0.05253268353573115,44339,-0.11302486547040347,2566,0.10938175529615224,369,0.05428571428571427,8182,-0.009083202131524803,10796,-0.02121486854034449,3478,0.01251819505094609,3780,-0.162048326313456,14000,0.0512088902237573,59249,0.24433476845531876,3064,0.08729595457771477
256,2014년,누계,16080684,0.08313072084065687,1473365,0.024647338802328944,183770,0.15926395538817717,45522,0.026680800198470855,1860,-0.2751363990646921,425,0.1517615176151761,9850,0.20386213639696904,12631,0.1699703593923676,3922,0.12765957446808507,3880,0.02645502645502651,17265,0.23321428571428582,75090,0.26736316224746415,3834,0.2513054830287207
257,2015년,누계,19310430,0.20084630728394393,1775456,0.20503473341636314,204741,0.11411547042498782,50725,0.11429638416589771,1811,-0.026344086021505397,426,0.0023529411764706687,8140,-0.17360406091370562,16379,0.29673026680389514,4167,0.06246812850586436,5100,0.31443298969072164,23094,0.33761946133796705,95454,0.2711945665201758,5042,0.315075639019301
258,2016년,누계,22383190,0.15912436957644127,1982516,0.11662356036984312,254759,0.24429889470111021,50312,-0.008141941843272549,2423,0.33793484262838214,370,-0.13145539906103287,0,-1,16323,-0.0034190121497038595,4342,0.041996640268778584,4455,-0.1264705882352941,21347,-0.07564735429115788,92193,-0.03416305236029915,5053,0.002181673938913109
259,2017년,누계,26433815,0.18096727946284696,2334839,0.1777150852754783,301476,0.18337723103011072,42997,-0.14539274924471302,2689,0.10978126289723478,390,0.054054054054053946,0,,20410,0.2503828953011089,5191,0.1955320128972824,5825,0.3075196408529741,29323,0.37363563966833757,106718,0.15754992244530497,5606,0.10943993667128438
260,2018년,누계,28695983,0.08557856669572672,2210597,-0.05321223433393052,253236,-0.1600127373323249,33845,-0.21285205944600782,2865,0.06545184083302336,308,-0.2102564102564103,0,,22994,0.12660460558549724,4879,-0.06010402619919086,6180,0.060944206008583635,32133,0.09582921256351673,122307,0.1460765756479694,5367,-0.04263289332857656
261,2019년,누계,28714247,0.000636465389598273,2298279,0.03966439835030999,266767,0.053432371384795285,39321,0.16179642487812074,3544,0.23699825479930192,407,0.3214285714285714,0,,19975,-0.13129512046620861,4933,0.011067841770854736,,,0,,120424,-0.015395684629661455,0,
262,2020년,누계,4276006,-0.8510841673821361,439286,-0.8088630666685812,33861,-0.8730690077858205,0,,1777.03,-0.49858069977426633,71.03,-0.8254791154791155,0,,0,,1506.02,-0.694705047638354,0,,0,,35305,-0.7068275426825217,0,
263,2021년,누계,1222541,-0.7140927772318374,202711,-0.5385443651743966,15880,-0.5310238917929181,0,,3997,1.249258594396268,18,-0.746585949598761,0,,0,,858,-0.43028645037914504,0,,0,,31311,-0.11312845206061461,0,
264,2022년,누계,6554031,4.36099075613824,919796,3.537474532709128,78326,3.9323677581863983,0,,9980,1.4968726544908684,99,4.5,0,,0,,2462,1.8694638694638694,0,,0,,61609,0.9676471527578168,0,
