Year,month,법무부_명수,법무부_전년대비,스페인_명수,스페인_전년대비,독일_명수,독일_전년대비,오스트리아_명수,오스트리아_전년대비,영국_명수,영국_전년대비,슬로베니아_명수,슬로베니아_전년대비,러시아_명수,러시아_전년대비,보스니아_명수,보스니아_전년대비,핀란드_명수,핀란드_전년대비,슬로바키아_명수,슬로바키아_전년대비,북마케도니아_명수,북마케도니아_전년대비,세르비아_명수,세르비아_전년대비,스웨덴_명수,스웨덴_전년대비,리히텐슈타인_명수,리히텐슈타인_전년대비,조지아_명수,조지아,산마리노_명수,산마리노_전년대비
2004년,1월,793478,,,,7414,,1518,,,,,,,,,,397,,,,,,,,579,,5,,,,,
,2월,670447,,,,7506,,1511,,,,,,,,,,448,,,,,,,,1438,,8,,,,,
,3월,587629,,,,8974,,1783,,,,,,,,,,613,,,,,,,,885,,21,,,,,
,4월,642413,,,,8172,,3006,,,,,,,,,,484,,,,,,,,818,,4,,,,,
,5월,680185,,,,11376,,4875,,,,,,,,,,2061,,,,,,,,1849,,17,,,,,
,6월,712260,,,,11753,,5243,,,,,,,,,,3230,,,,,,,,2348,,12,,,,,
,7월,897234,,,,20420,,10920,,,,,,,,,,2782,,,,,,,,1567,,18,,,,,
,8월,930573,,,,15216,,6574,,,,,,,,,,2826,,,,,,,,2147,,2,,,,,
,9월,682244,,,,11655,,4172,,,,,,,,,,1113,,,,,,,,1605,,4,,,,,
,10월,757538,,,,10783,,3188,,,,,,,,,,717,,,,,,,,825,,2,,,,,
,11월,745887,,,,7734,,1865,,,,,,,,,,417,,,,,,,,796,,4,,,,,
,12월,725697,,,,5555,,1526,,,,,,,,,,330,,,,,,,,519,,0,,,,,
2005년,1월,897406,0.1309777964858509,,,9807,0.32276773671432424,2632,0.7338603425559947,,,,,111221,,,,374,-0.05793450881612091,,,,,,,892,0.540587219343696,0,-1,13,,,
,2월,745998,0.1126875055000619,,,7259,-0.03290700772715161,1745,0.15486432825943083,,,,,,,,,455,0.015625,,,,,,,851,-0.4082058414464534,5,-0.375,18,,,
,3월,707058,0.2032387782086997,,,8513,-0.05137062625362157,2131,0.195176668536175,,,,,,,,,610,-0.004893964110929853,,,,,,,677,-0.23502824858757063,15,-0.2857142857142857,24,,,
,4월,762096,0.18630226972368244,,,10027,0.22699461576113558,3567,0.18662674650698602,,,,,,,,,604,0.24793388429752067,,,,,,,854,0.044009779951100246,14,2.5,12,,,
,5월,802497,0.17982166616435236,,,11347,-0.0025492264416315047,7202,0.47733333333333333,,,,,,,,,1706,-0.1722464822901504,,,,,,,1916,0.03623580313683072,10,-0.4117647058823529,9,,,
,6월,865693,0.2154171229607166,,,12023,0.022972857993703737,6426,0.22563417890520696,,,,,,,,,2776,-0.14055727554179567,,,,,,,2562,0.09114139693356048,9,-0.25,20,,,
,7월,1020757,0.13767088630167826,,,21678,0.061606268364348675,10713,-0.018956043956043955,,,,,,,,,1889,-0.3209920920201294,,,,,,,2157,0.3765156349712827,15,-0.16666666666666666,29,,,
,8월,1070289,0.15013975260404075,,,17507,0.1505651945320715,7771,0.18208092485549132,,,,,,,,,2389,-0.15463552724699223,,,,,,,2422,0.12808570097810898,20,9,18,,,
,9월,785549,0.1514194335164545,,,12454,0.06855426855426855,4646,0.11361457334611696,,,,,,,,,1118,0.004492362982929021,,,,,,,1297,-0.19190031152647974,11,1.75,34,,,
,10월,848088,0.11953195747276044,,,11916,0.10507279977742744,5752,0.8042659974905897,,,,,,,,,789,0.100418410041841,,,,,,,890,0.07878787878787878,21,9.5,30,,,
,11월,784031,0.051139113565459644,,,8063,0.042539436255495215,2753,0.47613941018766753,,,,,,,,,536,0.2853717026378897,,,,,,,1101,0.38316582914572866,5,0.25,20,,,
,12월,790681,0.0895470148009431,,,6666,0.2,2154,0.41153342070773263,,,,,,,,,298,-0.09696969696969697,,,,,,,980,0.8882466281310212,5,,11,,,
2006년,1월,985287,0.09792780525202639,,,9022,-0.0800448659121036,3010,0.14361702127659576,,,,,110788,-0.003893149674971453,,,305,-0.18449197860962566,,,,,,,1333,0.4943946188340807,14,,20,0.5384615384615384,,
,2월,944596,0.2662178718977799,,,8049,0.10883041741286678,3164,0.8131805157593123,,,,,,,,,390,-0.14285714285714285,,,,,,,1331,0.564042303172738,8,0.6,27,0.5,,
,3월,823918,0.16527639882442458,,,10113,0.1879478444731587,3136,0.47160957297043643,,,,,,,,,403,-0.33934426229508197,,,,,,,1448,1.138847858197932,13,-0.13333333333333333,19,-0.20833333333333334,,
,4월,855083,0.12201481178224266,,,9639,-0.03869552209035604,5500,0.5419119708438463,,,,,,,,,610,0.009933774834437087,,,,,,,788,-0.07728337236533958,6,-0.5714285714285714,24,1,,
,5월,906482,0.12957680838682262,,,12351,0.08848153697012426,8157,0.13260205498472646,,,,,,,,,2164,0.268464243845252,,,,,,,2439,0.272964509394572,18,0.8,26,1.8888888888888888,,
,6월,915942,0.05804482651471134,,,19817,0.6482575064459786,7688,0.19638966697790228,,,,,,,,,3120,0.1239193083573487,,,,,,,2602,0.0156128024980484,14,0.5555555555555556,42,1.1,,
,7월,1098740,0.07639722284539807,,,21057,-0.028646554110157763,13552,0.2650051339494073,,,,,,,,,2487,0.31656961355214397,,,,,,,2553,0.1835883171070932,11,-0.26666666666666666,55,0.896551724137931,,
,8월,1159874,0.0837016917860503,,,17609,0.005826240932198549,11793,0.5175653069103076,,,,,,,,,2429,0.016743407283382167,,,,,,,3235,0.3356729975227085,14,-0.3,41,1.2777777777777777,,
,9월,931946,0.1863626584719731,,,13485,0.08278464750281034,8633,0.8581575548859234,,,,,,,,,2028,0.813953488372093,,,,,,,2714,1.0925212027756361,13,0.18181818181818182,47,0.38235294117647056,,
,10월,984649,0.16102220524285216,,,13175,0.10565626049009735,8568,0.48956884561891517,,,,,,,,,787,-0.0025348542458808617,,,,,,,3204,2.6,4,-0.8095238095238095,41,0.36666666666666664,,
,11월,987488,0.25950121870181153,,,10553,0.30881805779486543,3904,0.41808935706502,,,,,,,,,556,0.03731343283582089,,,,,,,1278,0.16076294277929154,14,1.8,49,1.45,,
,12월,1015874,0.28480891788218005,,,7449,0.11746174617461747,3387,0.5724233983286908,,,,,,,,,376,0.26174496644295303,,,,,,,635,-0.3520408163265306,5,0,41,2.727272727272727,,
2007년,1월,1281530,0.30066670929384026,,,10223,0.13311904234094435,4896,0.626578073089701,,,,,124785,0.1263403978770264,,,465,0.5245901639344263,,,,,,,1721,0.291072768192048,10,-0.2857142857142857,58,1.9,,
,2월,982591,0.04022354530402415,,,9053,0.1247359920487017,3606,0.13969658659924147,,,,,,,,,383,-0.017948717948717947,,,,,,,1695,0.2734785875281743,9,0.125,29,0.07407407407407407,,
,3월,1046055,0.27,,,12161,0.2025116187085929,4403,0.40401785714285715,,,,,,,,,485,0.20347394540942929,,,,,,,1438,-0.006906077348066298,13,0,55,1.894736842105263,,
,4월,989018,0.157,,,12492,0.29598506069094305,7772,0.41309090909090906,,,,,,,,,484,-0.20655737704918034,,,,,,,1141,0.4479695431472081,0,-1,35,0.4583333333333333,,
,5월,1107498,0.222,,,14850,0.20233179499635656,11002,0.3487801887949001,,,,,,,,,1466,-0.32255083179297594,,,,,,,2077,-0.14842148421484214,12,-0.3333333333333333,43,0.6538461538461539,,
,6월,1064076,0.162,,,15154,-0.23530302265731443,9417,0.22489594172736732,,,,,,,,,2466,-0.20961538461538462,,,,,,,3053,0.1733282090699462,26,0.8571428571428571,58,0.38095238095238093,,
,7월,1297398,0.181,,,22821,0.08377261718193475,13465,-0.006419716646989374,,,,,,,,,1897,-0.2372336147969441,,,,,,,2437,-0.045436741088915,21,0.9090909090909091,41,-0.2545454545454545,,
,8월,1308664,0.128,,,18402,0.04503378953944006,12723,0.07886034088018316,,,,,,,,,1917,-0.2107863318237958,,,,,,,1804,-0.44234930448222565,8,-0.42857142857142855,89,1.170731707317073,,
,9월,1015650,0.09,,,13571,0.006377456433073785,7287,-0.1559133557280204,,,,,,,,,1114,-0.45069033530571995,,,,,,,1596,-0.4119380987472365,33,1.5384615384615385,70,0.48936170212765956,,
,10월,1078092,0.095,,,13109,-0.005009487666034156,8973,0.04726890756302521,,,,,,,,,635,-0.193138500635324,,,,,,,954,-0.702247191011236,3,-0.25,61,0.4878048780487805,,
,11월,1072557,0.086,,,10482,-0.006727944660286174,4244,0.08709016393442623,,,,,,,,,405,-0.2715827338129496,,,,,,,971,-0.24021909233176839,9,-0.35714285714285715,48,-0.02040816326530612,,
,12월,1081848,0.065,,,8550,0.14780507450664518,4771,0.4086211987009153,,,,,,,,,442,0.17553191489361702,,,,,,,688,0.08346456692913386,1,-0.8,64,0.5609756097560976,,
2008년,1월,1322909,0.032,,,11619,0.13655482735009292,5425,0.10804738562091504,,,126,,101304,-0.1881716552470249,,,519,0.11612903225806452,,,,,,,1034,-0.3991865194654271,3,-0.7,55,-0.05172413793103448,,
,2월,1132463,0.153,,,10698,0.18170772119739312,3897,0.08069883527454243,,,146,,,,,,318,-0.16971279373368145,,,,,,,1087,-0.35870206489675516,4,-0.5555555555555556,36,0.2413793103448276,,
,3월,983589,-0.0603,,,9628,-0.2082887920401283,4623,0.049965932318873495,,,182,,,,,,446,-0.08041237113402062,,,,,,,1184,-0.17663421418636996,7,-0.46153846153846156,41,-0.2545454545454545,,
,4월,1026750,0.038,,,11900,-0.04739032981107909,7621,-0.019428718476582604,,,719,,,,,,683,0.41115702479338845,,,,,,,1443,0.26468010517090274,16,,33,-0.05714285714285714,,
,5월,1099977,-0.007,,,12783,-0.1391919191919192,11019,0.0015451736047991274,,,1265,,,,,,1009,-0.3117326057298772,,,,,,,2679,0.28984111699566684,7,-0.4166666666666667,66,0.5348837209302325,,
,6월,1004715,-0.056,,,13987,-0.07700937046324403,6884,-0.26898162896888606,,,1016,,,,,,1758,-0.2871046228710462,,,,,,,3697,0.21094005895840157,14,-0.46153846153846156,55,-0.05172413793103448,,
,7월,1135843,-0.125,,,18442,-0.19188466763069104,11288,-0.1616784255477163,,,786,,,,,,1393,-0.2656826568265683,,,,,,,2495,0.02379975379565039,7,-0.6666666666666666,59,0.43902439024390244,,
,8월,1163809,-0.111,,,18254,-0.008042604064775569,11611,-0.08740077025858681,,,739,,,,,,1957,0.020865936358894107,,,,,,,2751,0.5249445676274944,0,-1,41,-0.5393258426966292,,
,9월,818747,-0.194,,,12100,-0.10839289661778793,6411,-0.12021407986825854,,,498,,,,,,933,-0.16247755834829444,,,,,,,2025,0.26879699248120303,11,-0.6666666666666666,29,-0.5857142857142857,,
,10월,932716,-0.135,,,11040,-0.157830498131055,6009,-0.3303243062520896,,,602,,,,,,624,-0.01732283464566929,,,,,,,1067,0.11844863731656184,6,1,44,-0.2786885245901639,,
,11월,707012,-0.3408,,,7802,-0.2556763976340393,2581,-0.3918473138548539,,,197,,,,,,495,0.2222222222222222,,,,,,,665,-0.31513903192584963,17,0.8888888888888888,30,-0.375,,
,12월,667564,-0.3829,,,5186,-0.39345029239766083,2559,-0.4636344581848669,,,91,,,,,,467,0.05656108597285068,,,,,,,471,-0.31540697674418605,3,2,47,-0.265625,,
2009년,1월,812901,-0.386,,,7544,-0.3507186504862725,3193,-0.4114285714285714,18160,,186,,84166,-0.16917397141277737,,,294,-0.43352601156069365,,,,,,,487,-0.5290135396518375,4,0.3333333333333333,29,-0.4727272727272727,,
,2월,753642,-0.335,,,8796,-0.1777902411665732,2342,-0.3990248909417501,,,82,,,,,,299,-0.059748427672955975,,,,,,,762,-0.29898804047838085,0,-1,19,-0.4722222222222222,,
,3월,702043,-0.286,,,8202,-0.14810968009970918,3431,-0.2578412286394116,,,275,,,,,,365,-0.18161434977578475,,,,,,,843,-0.28800675675675674,0,-1,35,-0.14634146341463414,,
,4월,734681,-0.284,,,9369,-0.2126890756302521,5907,-0.22490486812754232,20635,,654,,,,,,436,-0.3616398243045388,,,,,,,890,-0.3832293832293832,0,-1,61,0.8484848484848485,,
,5월,737396,-0.33,,,10510,-0.17781428459673004,5739,-0.4791723386877212,,,663,,,,,,684,-0.32210109018830524,,,,,,,1529,-0.42926465098917505,1,-0.8571428571428571,56,-0.15151515151515152,,
,6월,731137,-0.272,,,11316,-0.19096303710588403,5821,-0.15441603718768157,,,497,,,,,,820,-0.5335608646188851,,,,,,,3307,-0.10549093859886394,10,-0.2857142857142857,88,0.6,,
,7월,996695,-0.123,,,17371,-0.058073961609369916,9854,-0.1270375620127569,37447,,522,,,,,,1034,-0.25771715721464467,,,,,,,3247,0.30140280561122246,7,0,56,-0.05084745762711865,,
,8월,1041527,-0.105,,,14652,-0.19732661334502027,8401,-0.27646197571268627,,,697,,,,,,1382,-0.29381706693919263,,,,,,,2768,0.0061795710650672485,1,,51,0.24390243902439024,,
,9월,658487,-0.196,,,12197,0.008016528925619834,4890,-0.23724847917641553,,,614,,,,,,943,0.010718113612004287,,,,,,,2140,0.056790123456790124,5,-0.5454545454545454,79,1.7241379310344827,,
,10월,714880,-0.234,,,9846,-0.10815217391304348,3798,-0.36794807788317524,30279,,433,,,,,,468,-0.25,,,,,,,1122,0.05154639175257732,6,0,88,1,,
,11월,721940,0.021,,,8466,0.0851063829787234,2523,-0.02247191011235955,,,327,,,,,,393,-0.20606060606060606,,,,,,,1015,0.5263157894736842,15,-0.11764705882352941,50,0.6666666666666666,,
,12월,888782,0.331,,,6827,0.31642884689548784,3452,0.34896443923407583,,,170,,,,,,332,-0.2890792291220557,,,,,,,1043,1.2144373673036093,0,-1,50,0.06382978723404255,,
2010년,1월,1118261,0.376,,,8944,0.1855779427359491,3304,0.03476354525524585,27280,0.5022026431718062,76,,90622,0.07670555806382624,,,407,0.3843537414965986,,,12,,,,844,0.7330595482546202,3,-0.25,27,-0.06896551724137934,,
,2월,908103,0.205,,,9363,0.06446111869031378,2629,0.12254483347566182,,,164,,,,,,372,0.24414715719063546,,,4,,,,1691,1.2191601049868765,2,,32,0.6842105263157894,,
,3월,950185,0.353,,,9024,0.10021945866861741,3240,-0.05566890119498689,,,205,,,,,,486,0.3315068493150685,,,3,,,,1756,1.0830367734282325,4,,72,1.057142857142857,,
,4월,935904,0.274,,,10826,0.15551286156473476,5686,-0.03741323853055697,32934,0.5960261691301187,403,,,,,,502,0.15137614678899083,,,5,,,,985,0.10674157303370786,3,,76,0.24590163934426235,,
,5월,1023815,0.388,,,12859,0.2235014272121789,8783,0.5304059940756229,,,1305,,,,,,876,0.2807017543859649,,,245,,,,3321,1.172007848266841,14,13,118,1.1071428571428572,,
,6월,997597,0.364,,,13963,0.23391657829621776,8048,0.3825803126610548,,,613,,,,,,1398,0.7048780487804878,,,26,,,,4672,0.4127608104021772,10,0,78,-0.11363636363636365,,
,7월,1223723,0.228,,,18324,0.054861550860629785,11643,0.1815506393342805,48390,0.29222634656981866,845,,,,,,1356,0.3114119922630561,,,119,,,,3982,0.2263627964274715,6,-0.14285714285714285,94,0.6785714285714286,,
,8월,1235742,0.186,,,14859,0.014127764127764128,11280,0.34269729794072135,,,911,,,,,,1273,-0.0788712011577424,,,105,,,,3960,0.430635838150289,14,13,87,0.7058823529411764,,
,9월,1013123,0.539,,,15093,0.23743543494301877,7964,0.6286298568507157,,,758,,,,,,1142,0.2110286320254507,,,43,,,,2283,0.06682242990654205,2,-0.6,81,0.025316455696202445,,
,10월,1055581,0.477,,,13009,0.348,6592,0.7356503422854134,38393,0.26797450378149873,938,,,,,,688,0.4700854700854701,,,62,,,,1174,0.04634581105169341,8,0.3333333333333333,139,0.5795454545454546,,
,11월,1004902,0.392,,,10131,0.238,3680,0.458581054300436,,,277,,,,,,648,0.648854961832061,,,32,,,,934,-0.07980295566502463,4,-0.7333333333333333,51,0.020000000000000018,,
,12월,1021428,0.149,,,8055,0.183,4711,0.36471610660486675,,,109,,,,,,430,0.29518072289156627,,,30,,,,842,-0.19271332694151486,1,,80,0.6000000000000001,,
2011년,1월,1268007,0.134,,,10639,0.18951252236135963,4843,0.4657990314769976,37751,0.3838343108504399,196,,91335,0.007867846659751496,,,592,0.45454545454545453,,,19,0.5833333333333334,,,861,0.02014218009478673,6,1,73,1.7037037037037037,,
,2월,1091628,0.20209711893915117,,,11247,0.2012175584748479,3177,0.20844427538988208,,,90,,,,,,486,0.3064516129032258,,,17,3.25,,,863,-0.48965109402720286,7,2.5,62,0.9375,,
,3월,868694,-0.08576329872603757,,,10006,0.10882092198581561,5170,0.595679012345679,,,361,,,,,,506,0.0411522633744856,,,47,14.666666666666666,,,1110,-0.3678815489749431,5,0.25,141,0.9583333333333333,,
,4월,867487,-0.07310258317092351,,,11773,0.08747459818954373,6984,0.22827998593035526,32424,-0.015485516487520496,849,,,,,,665,0.3247011952191235,,,28,4.6,,,1897,0.9258883248730965,11,2.6666666666666665,120,0.5789473684210527,,
,5월,1014409,-0.009187206673080586,,,17407,0.35368224589781483,12617,0.4365251053170898,,,2701,,,,,,954,0.08904109589041095,,,44,-0.8204081632653061,,,3067,-0.07648298705209275,10,-0.2857142857142857,118,0,,
,6월,1053658,0.05619603908191384,,,15450,0.10649573873809359,10408,0.2932405566600398,,,1286,,,,,,1472,0.05293276108726753,,,78,2,,,5341,0.14319349315068494,8,-0.2,181,1.3205128205128207,,
,7월,1241629,0.014632396383822155,,,22370,0.22080331805282682,15892,0.3649403074808898,73751,0.5240958875800785,1595,,,,,,2205,0.6261061946902655,,,346,1.9075630252100841,,,5038,0.26519337016574585,5,-0.16666666666666666,280,1.978723404255319,6,
,8월,1247222,0.009289965057431081,,,17949,0.2079547748839088,15526,0.37641843971631206,,,1756,,,,,,2387,0.8750981932443048,,,176,0.6761904761904762,,,4294,0.08434343434343435,13,-0.07142857142857142,96,0.10344827586206895,4,
,9월,1013507,0.000379026041260538,,,17963,0.19015437620088793,10853,0.36275740833751885,,,1206,,,,,,1255,0.0989492119089317,,,68,0.5813953488372093,,,2435,0.06657906263688129,2,0,101,0.24691358024691357,35,
,10월,1032589,-0.02178136969119376,,,14826,0.13967253439926197,10060,0.5260922330097088,33417,-0.1296069596020108,1077,,,,,,765,0.1119186046511628,,,55,-0.11290322580645161,,,1718,0.46337308347529815,7,-0.125,104,-0.2517985611510791,1,
,11월,974255,-0.030497501248878,,,12521,0.2359095844437864,5491,0.4921195652173913,,,311,,,,,,647,-0.0015432098765432098,,,187,4.84375,,,1496,0.6017130620985011,8,1,94,0.8431372549019607,2,
,12월,1020648,-0.0007636367908457571,,,10715,0.330229671011794,5338,0.13309276162173636,,,104,,,,,,512,0.19069767441860466,,,5,-0.8333333333333334,,,1023,0.21496437054631828,5,4,49,-0.38749999999999996,2,
2012년,1월,1200782,-0.0530162688376326,,,13862,0.3029420058276153,6603,0.36341110881684907,41818,0.10773224550343037,228,,94922,0.039273005967044396,,,692,0.16891891891891891,13638,,7,-0.631578947368421,,,1182,0.37282229965156793,2,-0.6666666666666666,83,0.13698630136986312,5,
,2월,1150334,0.05377839337210112,,,14787,0.31475060016004264,4160,0.3094113943972301,,,86,,,,,,638,0.31275720164609055,,,6,-0.6470588235294118,,,704,-0.1842410196987254,12,0.7142857142857143,81,0.30645161290322576,0,
,3월,1018952,0.17296999864163906,,,13025,0.30171896861882863,6887,0.3321083172147002,,,455,,,,,,661,0.30632411067193677,,,22,-0.5319148936170213,,,710,-0.36036036036036034,1,-0.8,204,0.44680851063829796,2,
,4월,1018645,0.17424814435259547,,,14598,0.23995583113904706,11185,0.6015177548682703,53004,0.6347150259067358,1364,,,,,,689,0.03609022556390978,,,225,7.035714285714286,,,1168,-0.38429098576700055,16,0.45454545454545453,155,0.29166666666666674,1,
,5월,1096950,0.08136856041300895,,,19803,0.1376457746883437,14826,0.17508123959736863,,,3264,,,,,,1007,0.05555555555555555,,,80,0.8181818181818182,,,2887,-0.05868927290511901,7,-0.3,204,0.728813559322034,3,
,6월,1109273,0.05278278150974984,,,19759,0.2788996763754046,14013,0.3463681783243659,,,2219,,,,,,1698,0.15353260869565216,,,223,1.858974358974359,,,5407,0.01235723647257068,9,0.125,146,-0.1933701657458563,1,
,7월,1305418,0.05137524977267767,,,26902,0.20259275815824762,19410,0.22136924238610622,44296,-0.3993844151265746,1601,,,,,,1842,-0.16462585034013605,8218,,197,-0.430635838150289,,,4703,-0.06649464073044858,15,2,221,-0.21071428571428574,30,4
,8월,1334651,0.07009898799091101,,,23714,0.3211878099058443,18231,0.17422388251964446,,,2191,,,,,,2585,0.08294930875576037,,,140,-0.20454545454545456,,,3588,-0.16441546343735444,6,-0.5384615384615384,161,0.6770833333333333,3,-0.25
,9월,1059709,0.045586266301071425,,,19323,0.07571118410065125,10064,-0.07269879296047176,,,1602,,,,,,1204,-0.04063745019920319,,,86,0.2647058823529412,,,3050,0.25256673511293637,4,1,124,0.2277227722772277,6,-0.8285714285714286
,10월,1154742,0.11829779321685588,,,16732,0.128557938756239,11494,0.14254473161033798,38375,0.14836759733069993,2022,,,,,,912,0.19215686274509805,5602,,136,1.4727272727272727,,,1769,0.029685681024447033,7,0,166,0.5961538461538463,7,6
,11월,1117550,0.14708161620930865,,,13795,0.1017490615765515,9411,0.7138954653068658,,,870,,,,,,860,0.32921174652241114,,,51,-0.7272727272727273,,,1766,0.1804812834224599,1,-0.875,99,0.05319148936170204,5,1.5
,12월,1169970,0.1463011733722106,,,11808,0.10200653289780681,8572,0.6058448857249906,,,427,,,,,,821,0.603515625,,,6,0.2,,,1018,-0.004887585532746823,3,-0.4,118,1.4081632653061225,1,-0.5
2013년,1월,1425900,0.18747616136817508,,,16280,0.174433703650267,8727,0.32167196728759656,50297,0.2027595772155531,486,1.1315789473684212,15986,0.137,5,,811,0.17196531791907516,13731,0.006819181698196175,15,1.1428571428571428,0,,1579,0.33587140439932317,6,2,88,0.06024096385542177,1,-0.8
,2월,1184807,0.02996781804241203,,,14067,-0.04869141813755329,7489,0.8002403846153846,,,529,5.151162790697675,,,84,,653,0.023510971786833857,,,5,-0.16666666666666666,7,,1843,1.6178977272727273,1,-0.9166666666666666,124,0.5308641975308641,0,0
,3월,1113946,0.09322715888481499,,,16246,0.24729366602687142,11208,0.6274139683461595,,,1204,1.646153846153846,,,139,,633,-0.04236006051437216,,,80,2.6363636363636362,33,,1060,0.49295774647887325,9,8,240,0.17647058823529416,2,0
,4월,1097420,0.07733312390479509,,,18060,0.23715577476366634,11948,0.06821636119803308,40044,-0.24450984831333483,2476,0.81524926686217,30642,,796,,754,0.09433962264150944,,,176,-0.21777777777777776,189,,1853,0.586472602739726,5,-0.6875,130,-0.16129032258064513,8,7
,5월,1185405,0.08063722138657185,,,19010,-0.040044437711457825,17427,0.17543504653986242,,,4264,0.30637254901960786,,,2398,,1637,0.6256206554121152,,,277,2.4625,397,,2976,0.03082784897817804,6,-0.14285714285714285,226,0.10784313725490202,0,-1
,6월,1221491,0.10116355486881949,,,21718,0.09914469355736633,20754,0.481053307642903,,,2411,0.08652546191978372,,,2008,,2187,0.2879858657243816,,,213,-0.04484304932735426,259,,6371,0.17828740521546144,3,-0.6666666666666666,246,0.6849315068493151,,
,7월,1417422,0.08579933783661632,,,30333,0.12753698609768782,25262,0.3014940752189593,85780,0.9365179700198664,2736,0.7089319175515303,41854,,1034,,1901,0.03203040173724213,9369,0.14005840837186656,165,-0.16243654822335024,72,,3201,-0.3193706145013821,9,-0.4,438,0.9819004524886878,,
,8월,1407186,0.05434754104256469,,,23376,-0.014253183773298428,22925,0.2574735340902858,,,2238,0.021451392058420726,,,1312,,2123,-0.17872340425531916,,,258,0.8428571428571429,109,,5244,0.46153846153846156,15,1.5,273,0.6956521739130435,,
,9월,1195238,0.12789265732385022,,,19877,0.028670496299746384,17354,0.7243640699523053,,,2347,0.46504369538077395,,,1625,,2254,0.872093023255814,,,119,0.38372093023255816,145,,2603,-0.14655737704918032,2,-0.5,176,0.4193548387096775,,
,10월,1239143,0.07309078564735673,,,20913,0.2498804685632321,16278,0.4162171567774491,32640,-0.14944625407166123,2979,0.47329376854599414,19460,,1833,,1218,0.3355263157894737,4079,-0.2718671902891824,387,1.8455882352941178,260,,1742,-0.015262860373092142,13,0.8571428571428571,237,0.42771084337349397,,
,11월,1154064,0.03267325846718268,,,15527,0.12555273649873144,11810,0.25491446180002125,,,856,-0.016091954022988464,,,264,,842,-0.020930232558139535,,,97,0.9019607843137255,43,,1689,-0.04360135900339751,13,12,129,0.303030303030303,,
,12월,1204463,0.029481952528697317,,,13458,0.1397357723577235,11260,0.3135790947270182,,,698,0.6346604215456675,,,94,,842,0.025578562728380026,,,3,-0.5,2,,1042,0.023575638506876228,8,1.6666666666666667,126,0.06779661016949157,,
2014년,1월,1468903,0.03015849638824597,,,19021,0.16836609336609332,14220,0.6294259195599863,48438,-0.03696045489790643,1454,1.9917695473251027,24749,0.5481671462529714,243,47.6,1085,0.33785450061652283,3438,-0.7496176534848153,17,0.1333333333333333,33,-,1355,-0.14186193793540214,0,-1,2480,0.01931771475544597,,
,2월,1312683,0.10792981472931884,,,16661,0.1844032131940001,10462,0.3969822406195753,,,1785,2.3742911153119093,,,533,5.345238095238095,862,0.32006125574272587,,,3,-0.4,39,4.571428571428571,,,1,0,,,,
,3월,1150959,0.03322692482400402,,,16467,0.013603348516557867,12382,0.1047466095645968,,,4300,2.5714285714285716,,,1515,9.899280575539569,984,0.5545023696682464,,,305,2.8125,157,3.757575757575758,,,3,-0.6666666666666666,,,,
,4월,1179885,0.07514442966229895,,,19058,0.055260243632336614,21883,0.8315199196518246,46326,0.15687743482169614,5654,1.2835218093699514,38889,0.2691403955355395,3399,3.2701005025125625,899,0.19230769230769232,5169,-0.37317019882018787,435,1.4715909090909092,370,0.9576719576719577,,,3,-0.4,,,,
,5월,1223003,0.0317174299079217,,,21521,0.1320883745397159,21625,0.24089057210076326,,,7258,0.702157598499062,,,4726,0.9708090075062552,1145,-0.30054978619425776,,,655,1.3646209386281587,561,0.4130982367758187,,,17,1.8333333333333333,,,,
,6월,1270439,0.0400723378232013,,,22293,0.026475734413850205,20718,-0.0017346053772766545,,,6732,1.792202405640813,,,3233,0.6100597609561753,2193,0.0027434842249657062,,,536,1.516431924882629,494,0.9073359073359073,,,8,1.6666666666666667,,,,
,7월,1454795,0.026366882974865558,,,29670,-0.021857383048165313,29979,0.1867231414773176,70907,-0.1733854045231989,6450,1.3574561403508771,50423,0.20473550915085775,2050,0.9825918762088974,1937,0.01893740136770121,4893,-0.4777457572846622,305,0.8484848484848484,389,4.402777777777778,,,25,1.7777777777777777,,,,
,8월,1547193,0.09949430992065023,,,26244,0.12268993839835729,29206,0.27398037077426385,,,7286,2.255585344057194,,,2430,0.8521341463414633,2136,0.006123410268487989,,,214,-0.1705426356589147,239,1.1926605504587156,,,8,-0.4666666666666667,,,,
,9월,1321293,0.10546435103301599,,,26584,0.3374251647632942,21932,0.263800852829319,,,7924,2.376224968044312,,,2951,0.8160000000000001,1230,-0.45430346051464066,,,448,2.764705882352941,307,1.1172413793103448,,,1,-0.5,,,,
,10월,1432100,0.15571810517430196,,,22465,0.07421221249940224,24230,0.4885121022238603,44281,0.35664828431372547,7338,1.4632426988922456,21615,0.11073997944501542,3026,0.6508456082924168,1191,-0.022167487684729065,4246,0.04094140720764883,292,-0.24547803617571062,238,-0.08461538461538465,,,11,-0.15384615384615385,,,,
,11월,1288754,0.11670929861775425,,,18033,0.16139627745218,14367,0.21651143099068593,,,3064,2.5794392523364484,,,1198,3.537878787878788,1171,0.39073634204275537,,,114,0.17525773195876293,179,3.162790697674419,,,8,-0.38461538461538464,,,,
,12월,1430677,0.1878131582290199,,,16315,0.2122900876801903,13553,0.2036412078152754,,,2457,2.520057306590258,,,350,2.723404255319149,936,0.11163895486935867,,,40,12.333333333333334,104,51,,,4,-0.5,,,,
2015년,1월,1834538,0.24891704898145078,,,24048,0.264286840860102,18766,0.3196905766526019,77292,0.5956893348197696,3268,1.247592847317744,153189,0.12907957192134203,606,1.4938271604938271,1272,0.17235023041474654,2558,-0.2559627690517743,152,7.9411764705882355,39,0.18181818181818188,,,0,0,2936,0.18387096774193545,,
,2월,1445609,0.10126283344874581,,,19396,0.16415581297641202,15213,0.45411967119097696,,,2271,0.27226890756302513,,,514,-0.03564727954971858,884,0.025522041763341066,,,97,31.333333333333336,1,-0.9743589743589743,,,9,8,,,,
,3월,1416683,0.23087182080334748,,,18959,0.15133296896823945,21411,0.7292036827653046,,,4976,0.1572093023255814,,,1619,0.06864686468646863,895,-0.09044715447154472,,,368,0.20655737704918042,88,-0.4394904458598726,,,14,3.6666666666666665,,,,
,4월,1495460,0.2674625069392356,,,21403,0.1230454402350718,25782,0.17817483891605357,95674,1.0652333462850234,10389,0.8374602051644853,,,3662,0.07737569873492212,989,0.10011123470522804,5932,0.14761075643257882,538,0.23678160919540225,200,-0.45945945945945943,,,0,-1,,,,
,5월,1579265,0.2913010025322914,,,24663,0.14599693322800977,28658,0.32522543352601163,,,12354,0.7021217966381923,,,4837,0.023487092678798227,1762,0.5388646288209606,,,621,-0.051908396946564905,461,-0.17825311942959,,,8,-0.5294117647058824,,,,
,6월,1373551,0.08116249579869636,,,28923,0.2974027721706365,26008,0.25533352640216234,,,12005,0.7832739156268569,,,4646,0.4370553665326322,2075,-0.053807569539443684,,,737,0.375,188,-0.6194331983805668,,,19,1.375,,,,
,7월,1675332,0.1515931797950914,,,36441,0.2282103134479272,35190,0.17382167517262093,109549,0.5449673516013934,7695,0.19302325581395352,,,2704,0.3190243902439025,2877,0.4852865255549819,5364,0.09625996321275299,308,0.009836065573770592,245,-0.37017994858611825,,,4,-0.84,,,,
,8월,1835249,0.18617974615965815,,,30435,0.15969364426154553,30186,0.033554749024173214,,,8952,0.22865769969805116,,,3075,0.26543209876543217,2852,0.3352059925093633,,,303,0.4158878504672898,239,0,,,10,0.25,,,,
,9월,1511657,0.14407402445937426,,,26551,-0.00124134817935595,21834,-0.00446835673901147,,,8251,0.04126703685007582,,,2986,0.011860386309725524,1630,0.3252032520325203,,,226,-0.4955357142857143,194,-0.3680781758957655,,,19,18,,,,
,10월,1735308,0.21172264506668528,,,26778,0.19198753616737152,26608,0.09814279818406924,54524,0.2313181725796617,10582,0.4420823112564731,,,3700,0.22273628552544622,1574,0.32157850545759864,3883,-0.08549222797927458,290,-0.006849315068493178,132,-0.4453781512605042,,,8,-0.2727272727272727,,,,
,11월,1626063,0.26173265029633275,,,20304,0.1259357843952753,14455,0.006125147908401241,,,7042,1.298302872062663,,,817,-0.3180300500834724,1097,-0.0631938514090521,,,49,-0.5701754385964912,6,-0.9664804469273743,,,4,-0.5,,,,
,12월,1781715,0.2453649565904812,,,18999,0.16451118602513026,12921,-0.04663174204973064,,,4236,0.7240537240537241,,,807,1.3057142857142856,928,-0.008547008547008548,,,15,-0.625,52,-0.5,,,0,-1,,,,
2016년,1월,2112337,0.1514272258192526,312432,,26113,0.08586992681304051,18035,-0.038953426409463976,64709,-0.1627982197381359,4869,0.48990208078335384,161267,0.05273224578788294,683,0.1270627062706271,1128,-0.11320754716981132,3351,0.31000781860828774,10,-0.9342105263157895,2,-0.9487179487179487,,,4,-,3113,0.060286103542234404,,
,2월,1876928,0.29836491056710357,,,22607,0.16554959785522794,15808,0.03911128639978956,,,4367,0.9229414354909731,,,1098,1.1361867704280155,1219,0.37895927601809953,,,15,-0.845360824742268,70,69,,,3,-0.6666666666666666,,,,
,3월,1569162,0.1076309943720648,,,20495,0.08101693127274645,20400,-0.04721871934986688,,,7796,0.5667202572347267,,,1803,0.11365040148239647,1086,0.21340782122905028,,,94,-0.7445652173913043,138,0.5681818181818181,,,9,-0.35714285714285715,,,,
,4월,1636597,0.09437698099581393,,,25712,0.20132691678736636,20582,-0.20169110231944765,87360,-0.08689926207747141,10875,0.04678024833959005,,,4257,0.1624795193883124,1025,0.03640040444893832,5897,-0.005900202292649981,429,-0.20260223048327142,428,1.1400000000000001,,,12,-,,,,
,5월,1656728,0.049050032768408025,,,26877,0.08977010096095372,24923,-0.13033009979761323,,,13438,0.08774485996438397,,,5462,0.12921232168699603,1741,-0.01191827468785471,,,268,-0.568438003220612,304,-0.34056399132321036,,,14,0.75,,,,
,6월,1778317,0.2946858180002052,,,30789,0.06451612903225801,24630,-0.05298369732390029,,,12296,0.02423990004164933,,,6088,0.3103745157124409,2852,0.3744578313253012,,,411,-0.4423337856173677,335,0.7819148936170213,,,38,1,,,,
,7월,2086068,0.24516692810738405,,,37460,0.02796300869899282,34470,-0.020460358056266004,98075,-0.10473851883631982,11864,0.5417803768680962,,,5252,0.9423076923076923,3306,0.14911366006256518,6064,0.1304996271439225,285,-0.07467532467532467,462,0.8857142857142857,,,44,10,,,,
,8월,2064241,0.1247743494207052,,,32807,0.07793658616724164,33031,0.0942489895978269,,,10794,0.2057640750670242,,,4796,0.5596747967479674,3977,0.3944600280504909,,,180,-0.40594059405940597,321,0.3430962343096233,,,36,2.6,,,,
,9월,1904524,0.2598916288549584,,,29564,0.11347971827803094,25437,0.16501786205001379,,,11300,0.36953096594352197,,,4341,0.45378432685867387,1924,0.18036809815950922,,,234,0.03539823008849563,306,0.5773195876288659,,,18,-0.05263157894736842,,,,
,10월,1865552,0.075055263964668,,,25960,-0.030547464336395547,23179,-0.12887101623571862,66493,0.21951801041743085,12442,0.17577017577017573,,,5365,0.44999999999999996,1559,-0.009529860228716646,4082,0.05124903425186722,241,-0.16896551724137931,529,3.007575757575758,,,7,-0.125,,,,
,11월,1825701,0.12277384086594423,,,20619,0.015514184397163122,17900,0.2383258388101004,,,7490,0.06361829025844923,,,1552,0.8996328029375764,1428,0.3017319963536919,,,127,1.5918367346938775,187,30.166666666666668,,,15,2.75,,,,
,12월,2007035,0.12646242524758455,,,19327,0.01726406652981738,15082,0.1672471170962,,,5389,0.27219074598678006,,,1160,0.4374225526641884,1703,0.8351293103448276,,,638,41.53333333333333,135,1.5961538461538463,,,7,-,,,,
2017년,1월,2343048,0.10922073513837982,446069,0.42773147436882275,25272,-0.03220618082947191,18844,0.04485722206820064,87119,0.346319677324638,6681,0.3721503388786198,253764,0.5735643374031885,1148,0.6808199121522693,1582,0.4024822695035461,4214,0.2575350641599523,47,3.7,97,47.5,,,10,0,6257,1.0099582396402185,,
,2월,2231269,0.18878774252395414,,,24140,0.0678108550448977,15128,-0.04301619433198378,,,7084,0.6221662468513853,,,1377,0.25409836065573765,1186,-0.027071369975389663,,,137,8.133333333333333,173,1.4714285714285715,,,5,0.6666666666666666,,,,
,3월,1940542,0.23667409738446388,,,25919,0.2646499146133203,19655,-0.036519607843137236,,,12149,0.5583632632119035,,,2793,0.5490848585690515,1008,-0.0718232044198895,,,264,1.8085106382978724,251,0.818840579710145,,,10,0.1111111111111111,,,,
,4월,2003943,0.2244572121298034,,,28390,0.10415370255133793,25437,0.2358857253911184,79202,-0.09338369963369964,15970,0.4685057471264369,,,5171,0.21470519144937739,1109,0.08195121951219513,6001,0.01763608614549761,546,0.2727272727272727,366,-0.1448598130841121,,,21,0.75,,,,
,5월,2003834,0.2095129677291625,,,34051,0.2669196710942441,31155,0.2500501544757854,,,17117,0.2737758595029023,,,7264,0.3299157817649212,2314,0.32912119471568063,,,713,1.66044776119403,560,0.8421052631578947,,,18,0.2857142857142857,,,,
,6월,2098126,0.17983801538195943,,,34838,0.13150800610607694,28284,0.1483556638246042,,,17391,0.4143623942745609,,,7530,0.23685939553219448,3856,0.3520336605890603,,,658,0.6009732360097324,848,1.5313432835820895,,,40,0.05263157894736842,,,,
,7월,2389447,0.14543102142403797,,,42747,0.14113721302722904,35815,0.03901943719176093,101412,0.03402498088197808,14258,0.20178691840863117,,,5783,0.10110434120335121,3963,0.1987295825771325,5015,-0.17298812664907648,353,0.23859649122807025,303,-0.3441558441558441,,,32,-0.2727272727272727,,,,
,8월,2385301,0.15553416485768867,,,36735,0.11973054531045202,32921,-0.003330204958977956,,,13586,0.2586622197517139,,,5015,0.04566305254378644,4696,0.18078953985416144,,,362,1.011111111111111,628,0.956386292834891,,,15,-0.5833333333333334,,,,
,9월,2236500,0.08344907401800472,,,33720,0.14057637667433376,30019,0.18013130479223172,,,13998,0.2968315730961646,,,6527,0.3609257714762302,2678,0.3918918918918919,,,492,1.7333333333333334,592,0.8442367601246106,,,43,1.3888888888888888,,,,
,10월,2231748,0.19629364391879722,,,32176,0.23944530046224966,34195,0.47525777643556677,84279,0.26748680312213313,15802,0.270053046134062,,,6575,0.22553588070829456,2350,0.5073765234124439,3856,-0.05536501714845665,547,1.2697095435684647,506,-0.04347826086956519,,,37,4.285714285714286,,,,
,11월,2227747,0.22021459154593215,,,25639,0.24346476550754148,20395,0.13938547486033515,,,8647,0.15447263017356483,,,1811,0.16688144329896915,1579,0.1057422969187675,,,219,0.7244094488188977,34,-0.8181818181818181,,,16,0.06666666666666665,,,,
,12월,2404942,0.19825613404848452,,,23545,0.21824390748693534,17351,0.15044423816469954,,,5331,-0.010762664687326007,,,1062,-0.08448275862068966,1717,0.008220786846741044,,,77,-0.8793103448275862,1,-0.9925925925925926,,,31,3.428571428571429,,,,
2018년,1월,2866780,0.2235259371553635,486867,0.09146118649805302,28717,0.13631687242798352,21900,0.1621736361706645,65810,-0.2445964714930153,6977,0.04430474479868285,360618,0.4210762755946469,1057,-0.07926829268292679,1731,0.09418457648546144,3041,-0.2783578547698149,103,1.1914893617021276,16,-0.8350515463917526,,,194,-0.302158273381295,13278,1.12210324436631,,
,2월,2311009,0.03573751080663068,,,22470,-0.06917978458989227,15466,0.022342675832892622,,,4966,-0.2989836250705816,,,945,-0.3137254901960784,1248,0.05227655986509275,,,170,0.24087591240875916,2,-0.9884393063583815,,,,,,,,
,3월,2252565,0.16079167572770903,,,23987,-0.07453991280527794,20240,0.029763418977359457,,,11887,-0.021565560951518625,,,2151,-0.22986036519871111,942,-0.06547619047619048,,,174,-0.34090909090909094,357,0.4223107569721116,,,,,,,,
,4월,2230200,0.11290590600630845,,,26988,-0.049383585769637195,23960,-0.05806502339112318,84839,0.07117244514027424,14432,-0.09630557294927988,,,4873,-0.05762908528331079,1408,0.2696122633002705,5102,-0.14980836527245456,381,-0.30219780219780223,237,-0.35245901639344257,,,,,,,,
,5월,2331565,0.1635519708718387,,,29890,-0.12219905435963696,29253,-0.06104959075589789,,,17942,0.04819769819477715,,,7120,-0.01982378854625555,4607,0.9909248055315472,,,440,-0.38288920056100983,378,-0.32499999999999996,,,,,,,,
,6월,2323986,0.10764844437369359,,,36051,0.03481830185429713,31242,0.1045820958845991,,,15099,-0.13179230636536143,,,6680,-0.11288180610889775,5096,0.3215767634854772,,,430,-0.3465045592705167,528,-0.37735849056603776,,,,,,,,
,7월,2495297,0.044298952853944806,,,40143,-0.06091655554775777,35539,-0.007706268323328214,102138,0.0071589161046030055,13702,-0.03899565156403417,,,4797,-0.17049974061905582,5742,0.4489023467070401,4070,-0.18843469591226325,384,0.0878186968838528,370,0.22112211221122102,,,,,,,,
,8월,2519860,0.05641174845438801,,,36786,0.0013883217639854006,36959,0.1226572704352844,,,12578,-0.07419402325923741,,,5028,0.0025922233300099684,4682,-0.002981260647359455,,,317,-0.12430939226519333,470,-0.25159235668789814,,,,,,,,
,9월,2225756,-0.004803934719427638,,,33000,-0.02135231316725983,33201,0.10599953362870185,,,13424,-0.041005857979711346,,,4523,-0.3070323272560135,2246,-0.16131441374159822,,,309,-0.3719512195121951,162,-0.7263513513513513,,,,,,,,
,10월,2347876,0.05203454870352742,,,31516,-0.02051218299353552,34753,0.01631817517180867,52227,-0.3803082618445876,15856,0.0034172889507657622,,,5684,-0.1355133079847909,1692,-0.28,3488,-0.0954356846473029,451,-0.17550274223034734,582,0.15019762845849804,,,,,,,,
,11월,2295810,0.030552392170206,,,24828,-0.03163149888841221,18891,-0.07374356459916642,,,9237,0.0682317566786168,,,1699,-0.06184428492545557,1223,-0.22545915136162129,,,73,-0.6666666666666667,208,5.117647058823529,,,,,,,,
,12월,2495279,0.037563068049042414,,,23586,0.0017413463580377986,18528,0.06783470693331806,,,606,-0.8863252673044457,,,831,-0.21751412429378536,2186,0.27315084449621435,,,14,-0.8181818181818181,1,0,,,,,,,,
2019년,1월,2912331,0.01588925554105991,630797,0.29562488318164926,25012,-0.12901765504753282,23696,0.08200913242009134,65248,-0.008539735602492023,8383,0.20151927762648714,431082,0.19539790027120119,1732,0.6385998107852413,1765,0.019641825534373193,2477,-0.18546530746464973,102,-0.009708737864077666,405,24.3125,,,,,,,,
,2월,2617946,0.13281514697692653,,,23048,0.025723186470850035,20481,0.32425966636492953,,,7021,0.4138139347563432,,,1266,0.3396825396825396,1472,0.1794871794871795,,,20,-0.8823529411764706,200,99,,,,,,,,
,3월,2334153,0.03622004248490063,,,24478,0.02046942093634052,22641,0.11862648221343863,,,11714,-0.014553714141499086,,,2842,0.3212459321245933,1388,0.4734607218683652,,,351,1.0172413793103448,374,0.04761904761904767,,,,,,,,
,4월,2246417,0.007271545152901071,,,23246,-0.13865421668889877,26032,0.08647746243739562,85223,0.004526220252478223,15793,0.09430432372505537,,,4899,0.005335522265544901,1129,-0.1981534090909091,,,229,-0.3989501312335958,277,0.16877637130801681,,,,,,,,
,5월,2401204,0.029867921331809377,,,30847,0.03201739712278351,32149,0.09899839332718008,,,18659,0.039962100100323195,,,7398,0.03904494382022472,2160,-0.5311482526589972,,,443,0.006818181818181834,315,-0.16666666666666663,,,,,,,,
,6월,2495798,0.07392987737447654,,,31908,-0.11492052925022889,33441,0.07038601882081807,,,15146,0.0031127889264188635,,,5254,-0.2134730538922156,3993,-0.21644427001569858,,,274,-0.3627906976744186,284,-0.46212121212121215,,,,,,,,
,7월,2642585,0.059026240162994625,,,38007,-0.05320977505418134,38957,0.09617603196488367,78584,-0.23060956744796257,12726,-0.07123047730258358,,,4475,-0.06712528663748174,3730,-0.350400557297109,,,152,-0.6041666666666667,136,-0.6324324324324324,,,,,,,,
,8월,2427634,-0.03659965236163909,,,34959,-0.049665633664981224,36110,-0.022971400741362058,,,12366,-0.016854825886468472,,,3738,-0.2565632458233891,4187,-0.10572404955147373,,,285,-0.10094637223974767,143,-0.6957446808510639,,,,,,,,
,9월,2049830,-0.0790410089875081,,,30889,-0.06396969696969701,25968,-0.2178548838890395,,,11790,-0.12172228843861743,,,4257,-0.05881052398850317,2377,0.05832591273374889,,,175,-0.43365695792880254,215,0.3271604938271604,,,,,,,,
,10월,2153847,-0.0826402246115212,,,29497,-0.06406269831196854,30528,-0.12157223836791065,72075,0.3800333161008674,13884,-0.12436932391523714,,,4021,-0.29257565095003524,1815,0.0726950354609929,,,214,-0.5254988913525499,190,-0.6735395189003437,,,,,,,,
,11월,2090192,-0.08956228956228951,,,24388,-0.01772192685677465,17102,-0.09470118045630194,,,7082,-0.2333008552560355,,,811,-0.5226603884638023,1980,0.6189697465249386,,,80,0.09589041095890405,50,-0.7596153846153846,,,,,,,,
,12월,2342310,-0.061303365274985255,,,26026,0.10345119986432638,17491,-0.055969343696027685,,,4865,7.028052805280527,,,624,-0.2490974729241877,2048,-0.06312900274473925,,,51,2.642857142857143,68,67,,,,,,,,
2020년,1월,2513030,-0.13710701153131288,121931,-0.8067032658684172,3740,-0.8504717735486966,19597,-0.17298278190411887,56143,-0.13954450711132907,5650,-0.32601693904330187,34451,-0.9200824901062907,788,-0.5450346420323325,2335,0.3229461756373937,,,135,0.32352941176470584,31,-0.9234567901234568,,,,,,,,
,2월,1046779,-0.6001525623523174,,,26226,0.13788615064213805,14378,-0.2979834968995655,,,4036,-0.42515311209229456,,,735,-0.419431279620853,1569,0.06589673913043481,,,27,0.3500000000000001,3,-0.985,,,,,,,,
,3월,143366,-0.9385790048895681,,,20496,-0.1626766892719993,1591,-0.9297292522415088,,,232,-0.9801946388936316,,,2,-0.9992962702322308,274,-0.8025936599423631,,,0.01,-0.99997150997151,0.01,-0.9999732620320856,,,,,,,,
,4월,31425,-0.9860110567183208,,,571,-0.9754366342596575,9,-0.9996542716656422,,,0,-1,,,0,,23,-0.9796279893711249,,,0.01,-0.9999563318777293,0.01,-0.9999638989169675,,,,,,,,
,5월,37802,-0.9842570643727063,,,677,-0.9780529711155056,13,-0.9995956328346138,,,1,-0.9999464065598371,,,0,,3,-0.9986111111111111,,,0.01,-0.9999774266365689,0.01,-0.999968253968254,,,,,,,,
,6월,48353,-0.9806262365784411,,,1422,-0.9554343738247462,104,-0.9968900451541521,,,26,-0.998283375148554,,,0,,12,-0.9969947407963937,,,0,-1,0.01,-0.9999647887323944,,,,,,,,
,7월,65936,-0.9750486739310184,,,1537,-0.9595600810377036,296,-0.9924018789947892,,,283,-0.9777620619204778,,,3,-0.9993296089385475,120,-0.967828418230563,,,2,-0.9868421052631579,0,-1,,,,,,,,
,8월,88888,-0.9633849254047356,,,1842,-0.9473097056551961,294,-0.9918582110218775,,,219,-0.9822901504124212,,,1,-0.9997324772605671,124,-0.970384523525197,,,11,-0.9614035087719298,0,-1,,,,,,,,
,9월,76798,-0.9625344540766795,,,1357,-0.9560685033507074,115,-0.9955714725816389,,,60,-0.9949109414758269,,,4,-0.9990603711533944,68,-0.9713925115692049,,,7,-0.96,0,-1,,,,,,,,
,10월,71970,-0.9665853702700331,,,1918,-0.9349764382818592,147,-0.9951847484276729,,,12,-0.9991356957649092,,,2,-0.9995026112907237,77,-0.9575757575757575,,,3,-0.985981308411215,0,-1,,,,,,,,
,11월,70686,-0.966182054088811,,,869,-0.9643677218304084,52,-0.9969594199508829,,,0,,,,1,-0.998766954377312,60,-0.9696969696969697,,,1,-0.9875,0,-1,,,,,,,,
,12월,80973,-0.9654302803642558,,,1020,-0.9608084223468839,50,-0.9971413869990281,,,6,-0.9987667009249743,,,5,-0.9919871794871795,124,-0.939453125,,,9,-0.8235294117647058,0,-1,,,,,,,,
2021년,1월,86143,-0.9657214597517738,37692,-0.6908743469667271,1269,-0.6606951871657754,103,-0.9947440934836965,5604,,2,-0.9996460176991151,,,1,-0.998730964467005,84,-0.9640256959314775,,,2,-0.9851851851851852,0,-1,,,,,,,,
,2월,68213,-0.9348353377360455,,,1149,-0.9561885152139099,50,-0.9965224648768952,,,46,-0.9886025768087215,,,1,-0.998639455782313,48,-0.9694072657743786,,,0,-1,0,-1,,,,,,,,
,3월,73999,-0.4838455421787593,,,1589,-0.9224726775956285,43,-0.972972972972973,,,72,-0.6896551724137931,,,0,,162,-0.4087591240875912,,,2,,0,,,,,,,,,
,4월,71302,1.2689578361177407,,,1243,1.1768826619964972,25,1.7777777777777777,,,18,,,,4,,49,1.1304347826086958,,,1,,3,,,,,,,,,
,5월,75416,0.9950267181630601,,,1246,0.8404726735598227,106,7.153846153846153,,,16,15,,,11,,58,18.333333333333332,,,3,,7,,,,,,,,,
,6월,79446,0.6430417967861353,,,1757,0.23558368495077353,279,1.6826923076923075,,,65,1.5,,,9,,77,5.416666666666667,,,1,,5,,,,,,,,,
,7월,101963,0.5463934724581412,,,1892,0.23096942094990247,471,0.5912162162162162,,,368,0.3003533568904593,,,12,3,89,-0.2583333333333333,,,24,11,0,,,,,,,,,
,8월,137712,0.5492754927549275,,,2193,0.19055374592833885,608,1.0680272108843538,,,467,1.1324200913242009,,,29,28,138,0.11290322580645151,,,16,0.4545454545454546,0,,,,,,,,,
,9월,116615,0.5184640225005859,,,3021,1.22623434045689,776,5.747826086956522,,,229,2.816666666666667,,,15,2.75,167,1.4558823529411766,,,14,1,1,,,,,,,,,
,10월,124399,0.7284840905933028,,,4634,1.4160583941605838,1066,6.2517006802721085,,,289,23.083333333333332,,,16,7,365,3.7402597402597406,,,24,7,0,,,,,,,,,
,11월,147907,1.0924511218628865,,,5349,5.155350978135789,795,14.288461538461538,,,243,,,,41,40,451,6.516666666666667,,,5,4,16,,,,,,,,,
,12월,139426,0.721882602842923,,,3431,2.3637254901960785,658,12.16,,,237,38.5,,,16,2.2,394,2.1774193548387095,,,4,-0.5555555555555556,0,,,,,,,,,
2022년,1월,147434,0.711502965998398,180610,3.7917329937387247,2479,0.9535066981875493,594,4.766990291262136,,,156,77,,,18,17,316,2.761904761904762,,,9,3.5,0,,,,,,,,,
,2월,112722,0.6525002565493381,,,2756,1.3986074847693648,639,11.78,,,145,2.152173913043478,,,37,36,195,3.0625,,,3,,2,,,,,,,,,
,3월,145503,0.9662833281530832,,,4395,1.76589049716803,829,18.27906976744186,,,230,2.1944444444444446,,,10,,172,0.06172839506172845,,,16,7,3,,,,,,,,,
,4월,215246,2.0187933017306667,,,5919,3.7618664521319385,1748,68.92,,,502,26.88888888888889,,,40,9,283,4.775510204081633,,,15,14,0,,,,,,,,,
,5월,315945,3.1893629998939215,,,9929,6.968699839486356,3149,28.70754716981132,,,811,49.6875,,,77,6,492,7.482758620689655,,,27,8,2,-0.7142857142857143,,,,,,,,
,6월,412798,4.195957002240515,,,12811,6.291405805350029,4877,16.480286738351253,,,1349,19.753846153846155,,,92,9.222222222222221,965,11.532467532467532,,,26,25,6,0.19999999999999996,,,,,,,,
,7월,674022,5.610456734305582,,,13196,5.974630021141649,9004,18.116772823779193,,,2218,5.0271739130434785,,,629,51.416666666666664,1608,17.06741573033708,,,38,0.5833333333333333,1,,,,,,,,,
,8월,702153,4.098705995120251,,,12947,4.903784769721843,10014,15.470394736842106,,,1833,2.925053533190578,,,304,9.482758620689655,2491,17.05072463768116,,,54,2.375,6,,,,,,,,,
,9월,619954,4.316245765982078,,,14951,3.949023502151605,6709,7.645618556701031,,,1586,5.925764192139738,,,465,30,1120,5.706586826347305,,,64,3.571428571428571,0,,,,,,,,,
,10월,773480,5.217734869251361,,,15664,2.3802330599913684,9197,7.627579737335834,,,2596,7.982698961937716,,,775,47.4375,908,1.4876712328767123,,,60,1.5,9,,,,,,,,,
,11월,1041431,6.041120433786095,,,13508,1.5253318377266778,6288,6.909433962264151,,,1523,5.267489711934156,,,277,5.7560975609756095,1137,1.5210643015521064,,,20,3,30,0.875,,,,,,,,
,12월,1393343,8.993423034441209,,,14630,3.2640629554065868,8782,12.346504559270517,,,1423,5.0042194092827,,,124,6.75,1103,1.799492385786802,,,57,13.25,40,,,,,,,,,
2023년,1월,1782313,11.088887230896537,,,12795,4.161355385235982,9602,15.164983164983166,,,1511,8.685897435897436,,,245,12.61111111111111,1296,3.10126582278481,,,16,0.7777777777777777,22,,,,,,,,,
,2월,1724880,14.302070580720711,,,13279,3.818214804063861,8818,12.799687010954617,,,1785,11.310344827586206,,,18,-0.5135135135135135,1031,4.287179487179487,,,23,6.666666666666667,4,1,,,,,,,,
,3월,1472193,9.117956330797304,,,13004,1.9588168373151307,9797,10.817852834740652,,,2772,11.052173913043479,,,62,5.2,640,2.7209302325581395,,,59,2.6875,1,-0.6666666666666667,,,,,,,,
,4월,1497105,5.955320888657629,,,14131,1.3873965196823788,14286,7.172768878718536,,,5956,10.864541832669323,,,1124,27.1,980,2.462897526501767,,,94,5.266666666666667,70,,,,,,,,,
,5월,1683022,4.326946145689915,,,,,18300,4.811368688472531,,,6869,7.469790382244144,,,,,1739,2.5345528455284554,,,,,193,95.5,,,,,,,,
,6월,,,,,,,,,,,,,,,,,,,,,,,,,,,,,,,,
,7월,,,,,,,,,,,,,,,,,,,,,,,,,,,,,,,,
,8월,,,,,,,,,,,,,,,,,,,,,,,,,,,,,,,,
,9월,,,,,,,,,,,,,,,,,,,,,,,,,,,,,,,,
,10월,,,,,,,,,,,,,,,,,,,,,,,,,,,,,,,,
,11월,,,,,,,,,,,,,,,,,,,,,,,,,,,,,,,,
,12월,,,,,,,,,,,,,,,,,,,,,,,,,,,,,,,,
2000년,누계,5508242,0.269,,,75539,,23636,,,,,,,,,,,,,,,,,,,,,,,,,
2001년,누계,6084476,0.10461305077010041,,,85805,0.13590330822489038,23789,0.0064731765104077965,,,,,,,,,,,,,,,,,,,,,,,,
2002년,누계,7123407,0.17075110494313717,,,111226,0.29626478643435705,27876,0.1718020934045148,,,,,,,,,,,,,,,,,,,,,,,,
2003년,누계,7086133,-0.005232608497591107,,,114158,0.02636074299174651,41328,0.4825656478691347,,,,,,,,,,,,,,,,,,,,,,,,
2004년,누계,8825585,0.24547267176610998,,,126558,0.10862138439706381,46181,0.11742644212156406,,,,,,,,,15418,,,,,,,,15376,,97,,,,,
2005년,누계,10080143,0.14215012375950153,,,137260,0.08456201899524318,57492,0.24492756761438694,,,,,111221,,,,13544,-0.12154624464911146,,,,,,,16599,0.07953954214360048,107,0.10309278350515472,238,,,
2006년,누계,11609879,0.15175737090237718,,,152319,0.10971149643013267,80492,0.4000556599179017,,,,,110788,-0.0038931496749714523,,,15648,0.1553455404607207,,,,,,,23560,0.4193626122055545,117,0.09345794392523366,601,1.5252100840336134,,
2007년,누계,13324977,0.147727465548952,,,160868,0.05612563107688473,92559,0.14991551955473836,,,,,124785,0.12634039787702633,,,12159,-0.22296779141104295,,,,,,,19575,-0.16914261460101865,100,-0.14529914529914534,651,0.08319467554076532,,
2008년,누계,11996094,-0.09972872748673411,,,143439,-0.10834348658527493,79928,-0.1364643092513964,,,6367,,101304,-0.18817165524702484,,,10602,-0.12805329385640263,,,,,,,20598,0.052260536398467394,95,-0.050000000000000044,536,-0.1766513056835638,,
2009년,누계,9494111,-0.2085664717198782,,,125096,-0.12788014417278426,59351,-0.2574441997798018,106521,,5120,-0.1958536202293074,84166,-0.16917397141277735,,,7450,-0.2973023957743822,17580,,,,,,19153,-0.07015244198465875,49,-0.4842105263157894,662,0.2350746268656716,,
2010년,누계,12488364,0.3153800287357078,,,144450,0.15471318027754677,77560,0.3068019072972654,146997,0.37998141211592085,6604,0.28984374999999996,90622,0.07670555806382628,,,9578,0.2856375838926175,23419,0.3321387940841867,686,,,,26444,0.3806714352842897,71,0.44897959183673475,935,0.41238670694864044,,
2011년,누계,12693733,0.01644482816163917,,,172866,0.1967185877466251,106359,0.3713125322331099,177343,0.2064395872024598,11532,0.7462144155057542,91335,0.007867846659751487,,,12446,0.2994362079766131,27176,0.1604252957000727,1070,0.5597667638483965,,,29143,0.10206474058387527,87,0.22535211267605626,1279,0.3679144385026738,50,
2012년,누계,13736976,0.08218567382817965,,,208108,0.20386889266830965,134856,0.26793219191605777,177493,0.0008458185550035413,16329,0.4159729448491154,94922,0.039273005967044305,,,13609,0.0934436766832718,27458,0.010376803061524775,1179,0.10186915887850456,,,27952,-0.040867446728202306,83,-0.04597701149425293,1602,0.2525410476935106,64,
2013년,누계,14846485,0.08076806714956763,,,228865,0.0997414803851846,182442,0.3528652785193094,208761,0.1761646938189112,23224,0.42225488394880273,107942,0.13716525146962777,11592,,15855,0.165037842604159,27179,-0.010160973122587236,1795,0.5224766751484309,1516,,31203,0.11630652547223819,90,0.0843373493975903,2158,0.34706616729088635,11,0
2014년,누계,16080684,0.08313072084065687,,,254332,0.11127520590741269,234557,0.2856524265245941,209952,0.005705088594133878,61702,1.6568205304857044,135676,0.2569342795204832,25654,1.2130779848171152,15769,-0.00542415641753391,17746,-0.3470694286029655,3364,0.8740947075208914,3110,1.0514511873350925,1355,-0.14186193793540214,81,-0.09999999999999998,2480,0.1492122335495829,,
2015년,누계,19310430,0.20084630728394393,,,296900,0.16737178176556622,277032,0.1810860473147251,337039,0.6053145480871818,92021,0.4913779131956826,153189,0.129079571921342,29973,0.16835581195914862,18835,0.19443211364068747,17737,-0.0005071565423193647,3704,0.10107015457788338,1845,-0.40675241157556274,,,86,0.06172839506172845,2936,0.18387096774193545,,
2016년,누계,22383190,0.15912436957644127,312432,-,318330,0.07217918491074427,273477,-0.012832452568656283,316637,-0.060533054038256706,112920,0.2271112028776041,161267,0.052732245787882936,41857,0.3964901744903746,22948,0.21837005574727897,19394,0.09342053334836775,2932,-0.20842332613390924,3217,0.7436314363143632,,,158,0.8372093023255813,3113,0.060286103542234404,,
2017년,누계,26496447,0.18376545076908157,446069,0.42773147436882275,367172,0.15343197310966605,309199,0.1306215879214705,352012,0.11172099280879988,148014,0.31078639744952175,253764,0.5735643374031885,52056,0.24366294765511154,28038,0.22180582185811404,19086,-0.01588120037124885,4415,0.5057980900409278,4359,0.35498912029841456,,,255,0.6139240506329113,6257,1.0099582396402185,,
2018년,누계,28695983,0.08301248842910902,486867,0.09146118649805302,357962,-0.025083612040133763,319932,0.034712272678760314,305014,-0.13351249389225373,136706,-0.07639817855067765,360618,0.4210762755946469,45388,-0.12809282311356995,32803,0.16994792781225487,15701,-0.17735512941423037,3246,-0.26477916194790485,3311,-0.24042211516402845,,,146,-0.4274509803921569,13278,1.12210324436631,,
2019년,누계,28714247,0.000636465389598273,630797,0.29562488318164926,342305,-0.04373927958833623,324596,0.014578097845792337,301130,-0.0127338417252979,139429,0.019918657557093322,431082,0.19539790027120119,41317,-0.0896933110073147,28044,-0.1450781940676158,2477,-0.18546530746464973,2376,-0.26802218114602583,2657,-0.19752340682573244,,,162,0.1095890410958904,16642,0.2533514083446302,,
2020년,누계,4276006,-0.8510841673821361,121931,-0.8067032658684172,61675,-0.8198244255853697,36646,-0.8871027369406893,56143,-0.13954450711132904,10525,-0.9245135517001485,34451,-0.9200824901062907,1541,-0.9627030036062638,4789,-0.8292326344316074,0,,195.02999999999997,-0.9179166666666667,34.03999999999999,-0.9871885585246518,0,,0,,0,,0,
2021년,누계,1222541,-0.7140927772318374,37692,-0.6908743469667271,28773,-0.5334738548844751,4980,-0.8641052229438411,5604,,2052,-0.8050356294536817,,,155,-0.899415963659961,2082,-0.5652537064105241,0,,96,-0.5077680356868173,32,-0.05992949471210318,0,,0,,0,,0,
2022년,누계,6554031,4.36099075613824,180610,3.7917329937387247,123185,3.281270635665381,61830,11.41566265060241,0,,14372,6.003898635477583,,,2848,17.374193548387098,10790,4.1825168107588855,0,,389,3.052083333333333,99,2.09375,0,,0,,0,,0,
2023년,누계,8159513,7.709519133265731,0,,53209,2.422020708727249,60803,7.737318580255783,0,,18893,9.245661605206074,,,1449,12.8,5686,2.8998628257887518,0,,192,3.4651162790697674,290,40.42857142857143,,,,,,,,
