Year,month,법무부_명수,법무부_전년대비,호주_명수,호주_전넌대비,북마리아나(사이판)_명수,북마리아나(사이판)_전넌대비,괌_명수,괌_전넌대비,뉴질랜드_명수,뉴질랜드_전넌대비,팔라우_명수,팔라우_전넌대비,피지_명수,피지_전넌대비
2004년,1월,793478,,25870,,7825,0.04091543561707578,,,18575,,76,,,
,2월,670447,,19350,,6434,-0.15179579850914837,,,10941,,68,,,
,3월,587629,,15190,,4228,-0.010424512669097052,,,8274,,56,,,
,4월,642413,,14130,,4827,-0.01903624613655519,,,7077,,71,,,
,5월,680185,,16130,,4294,-0.016860712764447006,,,6696,,966,,,
,6월,712260,,14180,,5967,-0.07168972030954845,,,6384,,1208,,,
,7월,897234,,20170,,7208,-0.02281736741892182,,,10220,,172,,,
,8월,930573,,15040,,8530,0.06179031696273074,,,7150,,38,,,
,9월,682244,,14190,,4508,0.011790694463620133,,,6860,,18,,,
,10월,757538,,18130,,3156,-0.20971804379766323,,,9156,,806,,,
,11월,745887,,21460,,4723,-0.2811124975372693,,,12075,,1163,,,
,12월,725697,,19740,,6492,-0.2930471850654123,,,10500,,1031,,,
2005년,1월,897406,0.1309777964858509,33740,0.30421337456513337,7554,-0.03463258785942492,,,16704,-0.10072678331090175,1292,16,,
,2월,745998,0.1126875055000619,21670,0.11989664082687339,7328,0.13894933167547405,,,11154,0.01946805593638607,471,5.926470588235294,,
,3월,707058,0.2032387782086997,20140,0.32587228439763,4641,0.09768211920529801,,,8700,0.05148658448150834,18,-0.6785714285714286,,
,4월,762096,0.18630226972368244,20060,0.4196744515215853,4657,-0.035218562253987985,,,7608,0.07503179313268334,25,-0.647887323943662,,
,5월,802497,0.17982166616435236,18310,0.1351518908865468,4337,0.010013972985561248,,,6935,0.03569295101553166,19,-0.9803312629399586,,
,6월,865693,0.2154171229607166,18280,0.28913963328631875,5015,-0.15954415954415954,,,6840,0.07142857142857142,31,-0.9743377483443708,,
,7월,1020757,0.13767088630167826,22840,0.13237481408031732,6661,-0.07588790233074362,,,9696,-0.0512720156555773,27,-0.8430232558139535,,
,8월,1070289,0.15013975260404075,18500,0.2300531914893617,7032,-0.17561547479484174,,,7875,0.10139860139860139,33,-0.13157894736842105,,
,9월,785549,0.1514194335164545,15310,0.07892882311486962,3453,-0.23402839396628217,,,6402,-0.06676384839650146,6,-0.6666666666666666,,
,10월,848088,0.11953195747276044,20640,0.13844456701599558,5369,0.7012040557667935,,,9039,-0.012778505897771953,29,-0.9640198511166254,,
,11월,784031,0.051139113565459644,22810,0.06290773532152842,6503,0.3768791022655092,,,10327,-0.14476190476190476,22,-0.9810834049871023,,
,12월,790681,0.0895470148009431,22330,0.13120567375886524,7402,0.14017252002464572,,,10725,0.02142857142857143,196,-0.8098933074684772,,
2006년,1월,985287,0.09792780525202639,28570,-0.15323058684054536,6902,-0.08631188774159386,,,13052,-0.21863026819923373,920,-0.28792569659442724,,
,2월,944596,0.2662178718977799,22330,0.030456852791878174,6778,-0.07505458515283843,,,9746,-0.126232741617357,1207,1.5626326963906583,,
,3월,823918,0.16527639882442458,19460,-0.033763654419066536,4745,0.022408963585434174,,,9177,0.05482758620689655,240,12.333333333333334,,
,4월,855083,0.12201481178224266,19340,-0.03589232303090728,5854,0.25703242430749407,,,8030,0.055467928496319666,729,28.16,,
,5월,906482,0.12957680838682262,17470,-0.045876570180229385,7165,0.6520636384597648,,,6307,-0.09055515501081471,1173,60.73684210526316,,
,6월,915942,0.05804482651471134,18240,-0.002188183807439825,7440,0.4835493519441675,,,7524,0.1,1334,42.03225806451613,,
,7월,1098740,0.07639722284539807,23790,0.04159369527145359,8146,0.22293949857378773,,,10008,0.03217821782178218,1336,48.48148148148148,,
,8월,1159874,0.0837016917860503,19500,0.05405405405405406,8053,0.145193401592719,,,7056,-0.104,1069,31.393939393939394,,
,9월,931946,0.1863626584719731,19500,0.2736773350751143,6407,0.8554879814653924,,,8253,0.2891283973758201,181,29.166666666666668,,
,10월,984649,0.16102220524285216,23880,0.1569767441860465,5818,0.08362823617060905,,,10186,0.126894567983184,1145,38.48275862068966,,
,11월,987488,0.25950121870181153,25080,0.09951775537045156,7481,0.1503921267107489,,,10582,0.024692553500532583,1064,47.36363636363637,,
,12월,1015874,0.28480891788218005,29330,0.31347962382445144,8102,0.09456903539583897,,,11440,0.06666666666666667,1358,5.928571428571429,,
2007년,1월,1281530,0.30066670929384026,34170,0.1960098004900245,9953,0.4420457838307737,,,14028,0.07477781182960466,1300,0.41304347826086957,,
,2월,982591,0.04022354530402415,20300,-0.09090909090909091,7721,0.13912658601357333,,,8510,-0.12682126000410424,1013,-0.16072908036454017,,
,3월,1046055,0.27,23040,0.18396711202466598,6271,0.32160168598524763,,,9752,0.06265664160401002,1070,3.4583333333333335,,
,4월,989018,0.157,21540,0.11375387797311272,6196,0.05842159207379569,,,8602,0.07123287671232877,1196,0.6406035665294925,,
,5월,1107498,0.222,18590,0.06410990269032628,7565,0.055826936496859735,,,6228,-0.012525765022990328,1194,0.017902813299232736,,
,6월,1064076,0.162,18910,0.03673245614035088,9139,0.22836021505376344,,,7334,-0.025252525252525252,1294,-0.029985007496251874,,
,7월,1297398,0.181,22960,-0.03488860865910046,10901,0.3382027989197152,,,8904,-0.11031175059952038,1367,0.023203592814371257,,
,8월,1308664,0.128,19190,-0.015897435897435898,10651,0.3226126909226375,,,5742,-0.18622448979591838,1358,0.27034611786716556,,
,9월,1015650,0.09,17520,-0.10153846153846154,8605,0.3430622756360231,,,6601,-0.2001696352841391,911,4.033149171270718,,
,10월,1078092,0.095,20210,-0.1536850921273032,8074,0.38776211756617396,,,7084,-0.3045356371490281,1085,-0.05240174672489083,,
,11월,1072557,0.086,21790,-0.13118022328548645,11626,0.5540703114556877,,,8784,-0.16991116991116992,1377,0.2941729323308271,,
,12월,1081848,0.065,21160,-0.2785543811796795,11617,0.43384349543322637,,,7884,-0.31083916083916086,1304,-0.039764359351988215,,
2008년,1월,1322909,0.032,28400,-0.16886157448053848,11227,0.1280016075555109,,,10846,-0.2268320501853436,1167,-0.10230769230769231,,
,2월,1132463,0.153,21180,0.04334975369458128,11116,0.4397098821396192,,,7084,-0.16756756756756758,1310,0.29318854886475815,,
,3월,983589,-0.0603,17600,-0.23,7169,0.14,,,6750,-0.3078342904019688,1046,-0.022429906542056073,,
,4월,1026750,0.038,17660,-0.17,8743,0.41,,,6984,-0.18809579167635435,1075,-0.10117056856187291,,
,5월,1099977,-0.007,17140,-0.07,9925,0.31,,,6200,-0.00449582530507386,1104,-0.07537688442211055,,
,6월,1004715,-0.056,16450,-0.13008989952406136,9616,0.05219389429915755,,,6042,-0.17616580310880825,1172,-0.09428129829984544,,
,7월,1135843,-0.125,23440,0.020905923344947785,10208,-0.06357214934409683,,,8184,-0.08086253369272234,1227,-0.10241404535479148,,
,8월,1163809,-0.111,19290,0.005211047420531578,10690,0.003661628016148777,,,6336,0.10344827586206895,1372,0.010309278350515427,,
,9월,818747,-0.194,13760,-0.21461187214611877,6697,-0.2217315514235909,,,4577,-0.3066202090592335,1295,0.42151481888035125,,
,10월,932716,-0.135,17010,-0.15833745670460164,8715,0.07939063661134504,,,5880,-0.1699604743083004,1215,0.1198156682027649,,
,11월,707012,-0.3408,14760,-0.3226250573657641,8912,-0.23344228453466365,,,4994,-0.4314663023679417,1214,-0.11837327523602037,,
,12월,667564,-0.3829,16130,-0.23771266540642721,8098,-0.30291813721270555,,,5184,-0.34246575342465757,1328,0.018404907975460016,,
2009년,1월,812901,-0.386,18500,-0.3485915492957746,8676,-0.22722009441524893,,,6300,-0.4191406970311635,1911,0.6375321336760926,,
,2월,753642,-0.335,17090,-0.19310670443814915,8305,-0.2528787333573228,,,5060,-0.2857142857142857,1121,-0.14427480916030533,,
,3월,702043,-0.286,16350,-0.07102272727272729,5532,-0.22834426000836938,,,5472,-0.18933333333333335,1159,0.10803059273422555,,
,4월,734681,-0.284,15040,-0.14835787089467722,6576,-0.24785542719890197,,,3806,-0.45504009163802983,1082,0.006511627906976791,,
,5월,737396,-0.33,12990,-0.24212368728121358,6557,-0.3393450881612091,,,2826,-0.5441935483870968,1080,-0.021739130434782594,,
,6월,731137,-0.272,13020,-0.2085106382978723,6735,-0.2996048252911814,,,3114,-0.48460774577954324,1170,-0.0017064846416382506,,
,7월,996695,-0.123,17400,-0.25767918088737196,9987,-0.021649686520376132,,,5152,-0.3704789833822092,1196,-0.02526487367563157,,
,8월,1041527,-0.105,15690,-0.18662519440124414,10600,-0.008419083255378879,,,4200,-0.33712121212121215,1222,-0.10932944606413997,,
,9월,658487,-0.196,11720,-0.1482558139534884,4302,-0.35762281618635205,,,3045,-0.3347170635787634,858,-0.3374517374517374,,
,10월,714880,-0.234,13410,-0.21164021164021163,4813,-0.4477337923121055,,,3933,-0.33112244897959187,436,-0.6411522633744856,,
,11월,721940,0.021,15400,0.04336043360433606,6892,-0.22666068222621183,,,4370,-0.12494993992791348,877,-0.27759472817133446,,
,12월,888782,0.331,19100,0.1841289522628642,10157,0.25426031118794756,,,5643,0.08854166666666674,1092,-0.17771084337349397,,
2010년,1월,1118261,0.376,21270,0.14972972972972975,11700,0.34854771784232375,,,8178,0.2980952380952382,1321,-0.30873888016745155,,
,2월,908103,0.205,17250,0.009362200117027486,9575,0.15291992775436491,,,5275,0.04249011857707519,1075,-0.041034790365744866,,
,3월,950185,0.353,21010,0.28501529051987773,8185,0.4795733911785973,,,7852,0.4349415204678362,1081,-0.06729939603106128,,
,4월,935904,0.274,17130,0.13896276595744683,8619,0.31067518248175174,,,5136,0.34944823962165006,1131,0.04528650646950094,,
,5월,1023815,0.388,16160,0.24403387220939177,9643,0.4706420619185603,,,4300,0.521585279547063,1073,-0.0064814814814815325,,
,6월,997597,0.364,15330,0.17741935483870974,8931,0.3260579064587974,,,4160,0.33590237636480413,1007,-0.13931623931623927,,
,7월,1223723,0.228,18600,0.06896551724137923,10782,0.07960348452988875,,,5952,0.15527950310559002,1834,0.5334448160535117,,
,8월,1235742,0.186,16570,0.05608667941363921,10786,0.017547169811320762,,,4708,0.12095238095238092,2226,0.8216039279869067,,
,9월,1013123,0.539,16530,0.4104095563139931,7958,0.8498372849837286,,,4290,0.4088669950738917,951,0.10839160839160833,,
,10월,1055581,0.477,18650,0.39075316927665926,8681,0.8,,,5425,0.3793541825578439,1172,1.688073394495413,,
,11월,1004902,0.392,20020,0.28,10428,0.51,,,6175,0.413,1221,0.413,,
,12월,1021428,0.149,20090,0.05183246073298431,10485,0.03,,,5858,0.03810030125819597,1153,0.055860805860805884,,
2011년,1월,1268007,0.134,21930,0.031029619181946355,12685,0.08418803418803411,,,8700,0.06382978723404253,1196,-0.09462528387585167,508,
,2월,1091628,0.20209711893915117,19720,0.14318840579710135,10133,0.05827676240208879,,,5475,0.03791469194312791,901,-0.16186046511627905,422,
,3월,868694,-0.08576329872603757,16550,-0.21227986673012855,7072,-0.1359804520464264,,,4860,-0.3810494141619969,547,-0.4939870490286772,314,
,4월,867487,-0.07310258317092351,12740,-0.25627553998832453,6349,-0.2633716208376842,,,2640,-0.485981308411215,755,-0.33244916003536695,459,
,5월,1014409,-0.009187206673080586,14920,-0.07673267326732669,7303,-0.24266307165819767,,,2860,-0.33488372093023255,894,-0.16682199440820134,428,
,6월,1053658,0.05619603908191384,13490,-0.12002609262883235,7064,-0.20904713917814355,,,2780,-0.3317307692307693,912,-0.09433962264150941,446,
,7월,1241629,0.014632396383822155,18780,0.00967741935483879,8997,-0.16555370061213137,,,4928,-0.17204301075268813,2453,0.33751363140676127,399,
,8월,1247222,0.009289965057431081,16280,-0.017501508750754402,10540,-0.022807342851844936,,,3728,-0.20815632965165676,2394,0.07547169811320753,420,
,9월,1013507,0.000379026041260538,14340,-0.13248638838475502,6746,-0.15229957275697414,,,2672,-0.3771561771561771,1228,0.2912723449001051,352,
,10월,1032589,-0.02178136969119376,16610,-0.10938337801608577,7880,-0.09227047575164149,,,3600,-0.33640552995391704,1307,0.11518771331058031,387,
,11월,974255,-0.030497501248878,18100,-0.09590409590409588,11389,0.09215573456079795,,,4528,-0.2667206477732793,1398,0.144963144963145,516,
,12월,1020648,-0.0007636367908457571,21020,0.04629168740666989,11345,0.0820219360991894,,,6016,0.0269716626835097,2001,0.735472679965308,450,
2012년,1월,1200782,-0.0530162688376326,19910,-0.09211126310989515,12758,0.005754828537642975,,,7648,-0.12091954022988505,1827,0.5275919732441472,376,-0.25984251968503935
,2월,1150334,0.05377839337210112,21880,0.1095334685598377,12537,0.23724464620546737,,,5696,0.04036529680365297,1951,1.165371809100999,420,-0.004739336492891044
,3월,1018952,0.17296999864163906,17570,0.0616314199395771,9431,0.3335690045248869,,,5456,0.12263374485596712,1182,1.1608775137111516,351,0.11783439490445868
,4월,1018645,0.17424814435259547,15410,0.2095761381475667,9399,0.4803906126949127,,,3648,0.38181818181818183,1245,0.6490066225165563,292,-0.3638344226579521
,5월,1096950,0.08136856041300895,13470,-0.09718498659517427,9052,0.23949062029303025,,,3024,0.05734265734265742,1153,0.28970917225950776,293,-0.31542056074766356
,6월,1109273,0.05278278150974984,13960,0.03484062268346921,10369,0.4678652321630805,,,2896,0.04172661870503602,1738,0.9057017543859649,375,-0.15919282511210764
,7월,1305418,0.05137524977267767,16280,-0.13312034078807244,11391,0.2660886962320774,,,4240,-0.13961038961038963,1566,-0.36159804321239297,381,-0.045112781954887216
,8월,1334651,0.07009898799091101,16230,-0.0030712530712531105,12810,0.21537001897533203,,,3040,-0.18454935622317592,1648,-0.31161236424394323,370,-0.11904761904761907
,9월,1059709,0.045586266301071425,14400,0.004184100418409997,8836,0.3098132226504595,,,2848,0.06586826347305386,1659,0.35097719869706845,318,-0.09659090909090906
,10월,1154742,0.11829779321685588,16900,0.017459361830222786,8105,0.03,,,4048,0.12444444444444436,1676,0.2823259372609028,364,-0.05943152454780365
,11월,1117550,0.14708161620930865,17930,-0.00939226519337022,11833,0.038984985512336534,,,4672,0.03180212014134276,1997,0.42846924177396284,464,-0.10077519379844957
,12월,1169970,0.1463011733722106,21330,0.014747859181731604,12873,0.13468488320846195,,,5680,-0.05585106382978722,2015,0.006996501749125361,400,-0.11111111111111116
2013년,1월,1425900,0.18747616136817508,21380,0.07383224510296338,13241,0.03785859852641482,,,7536,-0.014644351464435101,1772,-0.030103995621237,546,0.4521276595744681
,2월,1184807,0.02996781804241203,16560,-0.24314442413162707,10098,-0.19454414931801867,,,4080,-0.2837078651685393,1235,-0.36699128651973345,257,-0.38809523809523805
,3월,1113946,0.09322715888481499,16590,-0.055776892430278835,9395,-0.0038171986003605607,,,5200,-0.04692082111436946,1453,0.22927241962774958,332,-0.054131054131054124
,4월,1097420,0.07733312390479509,15290,-0.0077871512005190935,9645,0.02617299712735388,,,3808,0.04385964912280693,1200,-0.03614457831325302,354,0.21232876712328763
,5월,1185405,0.08063722138657185,14020,0.04083147735708992,11525,0.2731992929739284,,,2656,-0.12169312169312174,1207,0.04683434518647012,329,0.12286689419795227
,6월,1221491,0.10116355486881949,14540,0.04154727793696278,11435,0.10280644227987268,,,2896,0,1228,-0.29344073647871116,320,-0.1466666666666666
,7월,1417422,0.08579933783661632,15900,-0.023341523341523396,13071,0.1474848564656308,,,3808,-0.10188679245283017,1320,-0.15708812260536398,321,-0.15748031496062997
,8월,1407186,0.05434754104256469,15030,-0.0739371534195934,13389,0.04519906323185019,,,2912,-0.04210526315789476,1505,-0.08677184466019416,352,-0.048648648648648596
,9월,1195238,0.12789265732385022,16230,0.12708333333333344,10848,0.22770484382073342,,,3504,0.2303370786516854,1893,0.14104882459312829,365,0.14779874213836486
,10월,1239143,0.07309078564735673,16600,-0.017751479289940808,11381,0.4041949413942012,,,4224,0.04347826086956519,1540,-0.08114558472553701,352,-0.03296703296703296
,11월,1154064,0.03267325846718268,16650,-0.07138873396542111,12350,0.043691371587932126,,,4832,0.03424657534246567,1557,-0.2203304957436154,364,-0.2155172413793104
,12월,1204463,0.029481952528697317,20080,-0.058602906704172564,13580,0.05492115280043497,,,5536,-0.025352112676056304,1571,-0.22034739454094288,333,-0.16749999999999998
2014년,1월,1468903,0.03015849638824602,22100,0.03367633302151544,13829,0.04440752209047649,,,8080,0.07218683651804671,1762,-0.0056433408577878106,410,-0.2490842490842491
,2월,1312683,0.10792981472931884,18510,0.11775362318840579,11053,0.09457318280847682,,,5376,0.3176470588235294,1173,-0.05020242914979757,376,0.46303501945525294
,3월,1150959,0.03322692482400402,16450,-0.008438818565400843,10732,0.14230973922299095,,,5312,0.021538461538461506,1136,-0.21816930488644184,367,0.10542168674698796
,4월,1179885,0.07514442966229895,14700,-0.03858731196860693,9339,-0.031726283048211505,,,3696,-0.02941176470588236,869,-0.2758333333333333,400,0.12994350282485875
,5월,1223003,0.0317174299079217,14710,0.049215406562054205,9075,-0.21258134490238612,,,3184,0.1987951807228916,970,-0.19635459817729908,534,0.6231003039513677
,6월,1270439,0.0400723378232013,12620,-0.13204951856946354,9465,-0.17227809357236554,,,2608,-0.09944751381215466,1236,0.006514657980456026,460,0.4375
,7월,1454795,0.026366882974865558,15500,-0.025157232704402517,10099,-0.22737357508989367,,,3904,0.025210084033613356,1378,0.04393939393939394,471,0.4672897196261682
,8월,1547193,0.09949430992065023,16260,0.08183632734530938,10618,-0.20696093808350138,,,3200,0.098901098901099,1623,0.07840531561461794,317,-0.09943181818181818
,9월,1321293,0.10546435103301599,15230,-0.061614294516327786,9602,-0.11485988200589971,,,3520,0.004566210045662045,1019,-0.4617010036978341,470,0.2876712328767123
,10월,1432100,0.15571810517430196,15790,-0.04879518072289157,12557,0.10333011158949126,,,4400,0.04166666666666674,1102,-0.2844155844155844,591,0.6789772727272727
,11월,1288754,0.11670929861775425,17590,0.05645645645645646,16227,0.3139271255060729,,,5456,0.12913907284768222,1183,-0.24020552344251767,569,0.5631868131868132
,12월,1430677,0.1878131582290199,23360,0.16334661354581673,19485,0.43483063328424154,,,6752,0.21965317919075145,1216,-0.2259707192870783,711,1.135135135135135
2015년,1월,1834538,0.24891704898145078,23980,0.08506787330316742,21145,0.5290331911201099,,,10112,0.2514851485148515,1619,-0.0811577752553916,561,0.36829268292682926
,2월,1445609,0.10126283344874581,20860,0.12695840086439764,13536,0.22464489278928798,,,6000,0.1160714285714286,814,-0.30605285592497866,371,-0.013297872340425532
,3월,1416683,0.23087182080334748,19410,0.17993920972644378,14989,0.39666418188594854,,,6352,0.19578313253012047,817,-0.28080985915492956,850,1.3160762942779292
,4월,1495460,0.2674625069392356,16380,0.11428571428571428,17359,0.8587643216618481,,,4416,0.19480519480519476,804,-0.07479861910241657,474,0.185
,5월,1579265,0.2913010025322914,15600,0.060503059143439834,16237,0.7892011019283747,,,3584,0.12562814070351758,960,-0.010309278350515464,502,-0.0599250936329588
,6월,1373551,0.08116249579869636,12460,-0.012678288431061807,13985,0.4775488642366614,,,2912,0.1165644171779141,1022.3076923076923,-0.17289021657953701,496,0.0782608695652174
,7월,1675332,0.1515931797950914,15410,-0.005806451612903226,15321,0.5170808990989206,,,3936,0.008196721311475308,1044,-0.24238026124818576,520,0.1040339702760085
,8월,1835249,0.18617974615965815,16820,0.03444034440344403,8479,-0.20145036730080995,,,3296,0.030000000000000027,1103,-0.3203943314849045,327,0.031545741324921134
,9월,1511657,0.14407402445937426,15290,0.003939592908732764,12632,0.315559258487815,,,3200,-0.09090909090909094,769,-0.24533856722276742,538,0.14468085106382977
,10월,1735308,0.21172264506668528,18470,0.16972767574414185,14370,0.14438161981364975,,,5264,0.1963636363636363,1057,-0.04083484573502722,637,0.077834179357022
,11월,1626063,0.26173265029633275,22370,0.2717453098351336,16848,0.03826955074875208,,,6880,0.26099706744868034,1170,-0.01098901098901099,781,0.37258347978910367
,12월,1781715,0.2453649565904813,29730,0.2726883561643836,17721,-0.09053117782909931,,,9040,0.33886255924170605,1181,-0.028782894736842105,643,-0.09563994374120956
2016년,1월,2112337,0.1514272258192526,28110,0.17222685571309415,17125,-0.19011586663513833,48859,,12752,0.26107594936708867,1392,-0.14021000617665225,650,0.1586452762923351
,2월,1876928,0.29836491056710357,28180,0.3509108341323106,13638,0.007535460992907801,41576,,8800,0.46666666666666656,1038,0.2751842751842752,503,0.3557951482479784
,3월,1569162,0.1076309943720648,24410,0.2575991756826379,12743,-0.14984321836013076,34444,,7328,0.1536523929471032,782,-0.042839657282741736,680,-0.2
,4월,1636597,0.09437698099581393,20570,0.2557997557997558,13564,-0.21861858401981682,38667,,5952,0.34782608695652173,1047,0.30223880597014924,596,0.25738396624472576
,5월,1656728,0.049050032768408025,18930,0.21346153846153837,13850,-0.14700991562480753,43354,,4864,0.3571428571428572,864,-0.1,720,0.4342629482071713
,6월,1778317,0.2946858180002052,17790,0.42776886035313,18556,0.32685019663925635,46078,,3776,0.29670329670329676,758,-0.2585402558314522,646,0.3024193548387097
,7월,2086068,0.24516692810738405,20700,0.34328358208955234,21092,0.3766725409568566,48883,,5504,0.39837398373983746,1012,-0.03065134099616858,680,0.3076923076923077
,8월,2064241,0.1247743494207052,21090,0.25386444708680145,21528,1.5389786531430594,46909,,4368,0.325242718446602,1056,-0.04261106074342702,632,0.9327217125382263
,9월,1904524,0.2598916288549584,22020,0.44015696533682136,19840,0.5706143128562381,44185,,5328,0.665,1172,0.5240572171651495,609,0.13197026022304834
,10월,1865552,0.075055263964668,21850,0.1829994585814836,20332,0.4148921363952679,48119,,5840,0.10942249240121571,1029,-0.026490066225165563,761,0.1946624803767661
,11월,1825701,0.12277384086594423,26220,0.17210549843540446,24764,0.4698480531813865,48690,,8752,0.27209302325581386,1088,-0.07008547008547009,794,0.016645326504481434
,12월,2007035,0.12646242524758455,30230,0.016818028927009676,31124,0.7563342926471418,55193,,9120,0.008849557522123908,1195,0.011854360711261643,800,0.24416796267496113
2017년,1월,2343048,0.10922073513837982,32420,0.15332621842760585,30831,0.8003503649635036,56340,0.15311406291573704,12592,-0.012547051442910906,1406,0.010057471264367816,749,0.1523076923076923
,2월,2231269,0.18878774252395414,29750,0.05571327182398855,30313,1.2226866109400205,51184,0.23109486242062727,8768,-0.0036363636363636598,1123,0.08188824662813102,633,0.2584493041749503
,3월,1940542,0.23667409738446388,23710,-0.02867677181482997,28712,1.2531585968767167,51391,0.4920160260132389,7584,0.03493449781659397,769,-0.016624040920716114,732,0.45526838966202776
,4월,2003943,0.27707846608571973,22940,0.11521633446767132,27463,1.0246977292833972,53520,0.3841259989138024,6512,0.09408602150537626,1106,0.05635148042024833,634,0.06375838926174504
,5월,2003834,0.2095129677291625,20010,0.05705229793977806,24987,0.8041155234657039,51576,0.18964801402408082,5008,0.02960526315789469,895,0.03587962962962963,640,-0.11111111111111116
,6월,2098126,0.17983801538195943,17780,-0.0005621135469364713,27975,0.507598620392326,55033,0.19434437258561577,3968,0.05084745762711873,1096,0.44591029023746703,733,0.1346749226006192
,7월,2389447,0.14543102142403797,20090,-0.02946859903381638,29941,0.4195429546747582,61097,0.24986191518523815,6000,0.09011627906976738,1387,0.3705533596837945,703,0.03382352941176481
,8월,2385301,0.15553416485768867,21190,0.004741583688952167,30963,0.4382664437012263,58411,0.24519814960881714,4688,0.07326007326007322,1142,0.08143939393939394,672,0.06329113924050622
,9월,2236500,0.08344907401800472,26370,0.1975476839237058,25691,0.2949092741935484,58880,0.3325789295009618,6688,0.531135531135531,1236,0.05460750853242321,803,0.3185550082101807
,10월,2231748,0.19629364391879722,27940,0.2787185354691075,24411,0.20061971276805035,56292,0.16984974750098703,8928,0.5287671232876712,735,-0.2857142857142857,968,0.27201051248357433
,11월,2227747,0.22021459154593215,27310,0.04157131960335625,24388,-0.015183330641253432,61093,0.25473403162867125,9312,0.0639853747714807,438,-0.5974264705882353,771,-0.028967254408060472
,12월,2404942,0.19825613404848452,32700,0.08170691366192528,29092,-0.0652872381441974,70411,0.275723370717301,11120,0.2192982456140351,562,-0.5297071129707113,833,0.04125000000000001
2018년,1월,2866780,0.2235259371553635,34530,0.06508328192473778,28750,-0.06749699977295578,69249,0.22912673056443023,14016,0.1130876747141043,1810,0.28733997155049784,792,0.057409879839786404
,2월,2311009,0.03573751080663068,26640,-0.10453781512605043,22365,-0.26219773694454523,60939,0.19058690215692398,8560,-0.02372262773722633,1000,-0.10952804986642921,553,-0.12638230647709325
,3월,2252565,0.16079167572770903,26270,0.10797132011809363,25081,-0.12646280300919477,53132,0.033877527193477475,9136,0.20464135021097052,1114,0.4486345903771131,720,-0.016393442622950838
,4월,2230200,0.11290590600630845,21610,-0.057977332170880524,21928,-0.20154389542293266,60265,0.12602765321375187,6432,-0.012285012285012331,1127,0.0189873417721519,760,0.19873817034700325
,5월,2331565,0.1635519708718387,20010,0,22076,-0.11650058030175692,60516,0.1733364355514193,5024,0.0031948881789136685,1103,0.2324022346368715,598,-0.06562500000000004
,6월,2323986,0.10764844437369359,19750,0.11079865016872881,24026,-0.14116175156389635,67996,0.23554957934330312,3840,-0.032258064516129004,1055,-0.037408759124087594,683,-0.068212824010914
,7월,2495297,0.044298952853944806,21960,0.09308113489298164,23454,-0.21665943021275175,70622,0.15589963500662884,5456,-0.09066666666666667,1227,-0.11535688536409516,712,0.012802275960170695
,8월,2519860,0.05641174845438801,23840,0.12505899008966503,27350,-0.11668765946452217,64432,0.10307989933402961,4640,-0.010238907849829393,1527,0.3371278458844133,685,0.019345238095238138
,9월,2225756,-0.004803934719427638,21410,-0.18809252938945775,22339,-0.13047370674555292,57768,-0.018885869565217428,5360,-0.1985645933014354,1174,-0.05016181229773463,585,-0.2714819427148194
,10월,2347876,0.05203454870352742,19300,-0.3092340730136006,15552,-0.36291016345090327,60983,0.08333333333333326,6720,-0.24731182795698925,1047,0.42448979591836733,772,-0.2024793388429752
,11월,2295810,0.030552392170206,24070,-0.11863786158916145,531,-0.9782269968837133,56957,-0.06770006383710081,8839,-0.05079467353951894,1059,1.417808219178082,699,-0.0933852140077821
,12월,2495279,0.037563068049042414,28600,-0.12538226299694188,7125,-0.7550873092259041,64127,-0.08924741872718756,9830,-0.11600719424460426,1104,0.9644128113879004,617,-0.2593037214885955
2019년,1월,2912331,0.01588925554105991,29770,-0.13785114393281206,14551,-0.4938782608695652,69295,0.0006642695201375393,13700,-0.02254566210045661,1171,-0.35303867403314915,766,-0.03282828282828287
,2월,2617946,0.13281514697692653,30930,0.1610360360360361,15287,-0.31647663760339817,59429,-0.024778877237893626,10385,0.21320093457943923,1037,0.03699999999999992,677,0.22423146473779387
,3월,2334153,0.03622004248490063,26130,-0.005329272934906704,13370,-0.46692715601451296,54087,0.01797410223594076,8737,-0.0436733800350263,1092,-0.019748653500897717,586,-0.18611111111111112
,4월,2246417,0.007271545152901071,16700,-0.22720962517353083,17182,-0.21643560744253923,54161,-0.10128598689123036,5380,-0.16355721393034828,810,-0.2812777284826974,648,-0.1473684210526316
,5월,2401204,0.029867921331809377,18830,-0.05897051474262871,17750,-0.1959594129371263,58276,-0.03701500429638438,4344,-0.1353503184713376,1098,-0.004533091568449721,813,0.35953177257525093
,6월,2495798,0.07392987737447654,19160,-0.02987341772151897,21270,-0.11470906517938899,62413,-0.0821077710453556,3927,0.022656250000000044,660,-0.3744075829383886,547,-0.19912152269399708
,7월,2642585,0.059026240162994625,20930,-0.0469034608378871,23648,0.00827151019015946,67866,-0.039024666534507646,5294,-0.029692082111436924,774,-0.3691931540342298,602,-0.1544943820224719
,8월,2427634,-0.03659965236163909,20960,-0.12080536912751683,,,65333,0.013983734790166347,4460,-0.03879310344827591,1058,-0.3071381794368042,627,-0.08467153284671536
,9월,2049830,-0.0790410089875081,19980,-0.06679121905651564,,,61412,0.06307990583021739,4992,-0.06865671641791049,659,-0.438671209540034,741,0.2666666666666666
,10월,2153847,-0.0826402246115212,19820,0.02694300518134707,,,67124,0.10070019513634954,5944,-0.11547619047619051,698,-0.3333333333333333,255,-0.6696891191709844
,11월,2090192,-0.08956228956228951,26010,0.08059825508932272,,,62448,0.09640606071246727,9336,0.05622808009955871,1309,0.2360717658168083,269,-0.6151645207439198
,12월,2342310,-0.061303365274985255,31260,0.093006993006993,,,71513,0.115177694262947,11932,0.21383519837232967,1518,0.375,275,-0.5542949756888169
2020년,1월,2513030,-0.13710701153131288,29440,-0.01108498488411147,,,78609,0.13441085215383497,14159,0.03350364963503649,1326,0.13236549957301458,316,-0.5874673629242819
,2월,1046779,-0.6001525623523174,21060,-0.31910766246362754,,,40022,-0.3265577411701358,10991,0.05835339431872888,888,-0.14368370298939248,161,-0.7621861152141802
,3월,143366,-0.9385790048895681,2720,-0.8959050899349407,,,5160,-0.9045981474291419,851,-0.9025981458166419,488,-0.5531135531135531,28,-0.9522184300341296
,4월,31425,-0.9860110567183208,10,-0.9994011976047904,,,6,-0.9998892191798526,5,-0.9990706319702602,0,-1,6,-0.9907407407407407
,5월,37802,-0.9842570643727063,30,-0.9984067976633032,,,4,-0.9999313611092044,16,-0.996316758747698,0,-1,6,-0.992619926199262
,6월,48353,-0.9806262365784411,20,-0.9989561586638831,,,5,-0.9999198884847708,67,-0.9829386299974535,0,-1,1,-0.9981718464351006
,7월,65936,-0.9750486739310184,20,-0.9990444338270426,,,77,-0.998865411251584,35,-0.9933887419720439,0,-1,4,-0.9933554817275747
,8월,88888,-0.9633849254047356,40,-0.9980916030534351,,,95,-0.9985459109485253,62,-0.9860986547085202,0,-1,4,-0.9936204146730463
,9월,76798,-0.9625344540766795,30,-0.9984984984984985,,,46,-0.9992509607242884,83,-0.9833733974358975,0,-1,6,-0.9919028340080972
,10월,71970,-0.9665853702700331,40,-0.9979818365287588,3,,37,-0.9994487813598713,58,-0.9902422611036339,0,-1,12,-0.9529411764705882
,11월,70686,-0.966182054088811,50,-0.998077662437524,5,,39,-0.9993754803996926,25,-0.9973221936589546,0,-1,0,-1
,12월,80973,-0.9654302803642558,60,-0.9980806142034548,0,,81,-0.9988673388055319,31,-0.9974019443513241,0,-1,4,-0.9854545454545455
2021년,1월,86143,-0.9657214597517738,60,-0.9979619565217391,9,,104,-0.9986769962726915,32,-0.9977399533865386,0,,11,-0.9651898734177216
,2월,68213,-0.9348353377360455,70,-0.99667616334283,2,,77,-0.9980760581680076,29,-0.9973614775725593,0,,10,-0.937888198757764
,3월,73999,-0.4838455421787593,70,-0.9742647058823529,1,,113,-0.9781007751937985,32,-0.9623971797884842,0,,1,-0.9642857142857143
,4월,71302,1.2689578361177407,70,6,0,,86,13.333333333333334,27,4.4,0,,2,-0.6666666666666667
,5월,75416,0.9950267181630601,80,1.6666666666666665,2,,102,24.5,22,0.375,0,,0,
,6월,79446,0.6430417967861353,90,3.5,2,,173,33.6,68,0.014925373134328401,0,,0,
,7월,101963,0.5463934724581412,70,2.5,66,,303,2.935064935064935,52,0.48571428571428577,0,,1,-0.75
,8월,137712,0.5492754927549275,30,-0.25,94,,375,2.9473684210526314,15,-0.7580645161290323,6,,2,-0.5
,9월,116615,0.5184640225005859,10,-0.6666666666666667,801,,573,11.456521739130435,33,-0.6024096385542168,6,,3,-0.5
,10월,124399,0.7284840905933028,40,0,2023,673.3333333333334,998,25.972972972972972,75,0.2931034482758621,0,,4,-0.6666666666666667
,11월,147907,1.0924511218628865,210,3.2,2127,424.4,3639,92.3076923076923,27,0.08000000000000007,5,,2,
,12월,139426,0.721882602842923,1260,20,1656,,1459,17.012345679012345,64,1.064516129032258,8,,15,2.75
2022년,1월,147434,0.711502965998398,1450,23.166666666666668,1406,155.22222222222223,924,7.884615384615385,19,-0.40625,0,,12,0.09090909090909083
,2월,112722,0.6525002565493381,1750,24,2821,1409.5,311,3.0389610389610393,28,-0.03448275862068961,11,,21,1.1
,3월,145503,0.9662833281530832,2530,35.142857142857146,2832,2831,760,5.725663716814159,55,0.71875,2,,15,14
,4월,215246,2.0187933017306667,3620,50.714285714285715,4251,,3239,36.66279069767442,107,2.962962962962963,15,,70,34
,5월,315945,3.1893629998939215,3880,47.5,5303,2650.5,9947,96.51960784313725,698,30.727272727272727,16,,79,
,6월,412798,4.195957002240515,4460,48.55555555555556,7335,3666.5,16298,93.20809248554913,675,8.926470588235293,15,,47,
,7월,674022,5.610456734305582,7080,100.14285714285714,8444,126.93939393939394,28063,91.61716171617162,1654,30.807692307692307,8,,112,111
,8월,702153,4.098705995120251,6970,231.33333333333334,8111,85.2872340425532,24751,65.00266666666667,1120,73.66666666666667,17,1.8333333333333335,91,44.5
,9월,619954,4.316245765982078,6550,654,6502,7.117353308364544,18065,30.527050610820243,1156,34.03030303030303,40,5.666666666666667,49,15.333333333333332
,10월,773480,5.217734869251361,6330,157.25,9016,3.4567474048442905,29045,28.103206412825653,1520,19.266666666666666,27,,52,12
,11월,1041431,6.041120433786095,11700,54.714285714285715,8724,3.101551480959097,25754,6.077219016213245,2826,103.66666666666667,56,10.2,95,46.5
,12월,1393343,8.993423034441209,16190,11.84920634920635,9868,4.958937198067633,36250,23.845784784098697,4485,69.078125,20,1.5,66,3.4000000000000004
2023년,1월,1782313,11.088887230896537,18300,11.620689655172415,10097,6.181365576102418,39633,41.892857142857146,4875,255.57894736842104,,,84,6
,2월,1724880,14.302070580720711,24950,13.257142857142858,12025,3.2626728110599075,37480,119.51446945337621,5251,186.53571428571428,,,107,4.095238095238095
,3월,1472193,9.117956330797304,19050,6.529644268774703,9356,2.303672316384181,36428,46.93157894736842,4498,80.78181818181818,,,80,4.333333333333333
,4월,1497105,5.955320888657629,15700,3.3370165745856353,11189,1.6320865678663843,35397,9.928372954615622,4133,37.626168224299064,,,135,0.9285714285714286
,5월,1683022,4.326946145689915,,,,,28435,1.8586508495023626,,,,,141,0.7848101265822784
,6월,,,,,,,,,,,,,,
,7월,,,,,,,,,,,,,,
,8월,,,,,,,,,,,,,,
,9월,,,,,,,,,,,,,,
,10월,,,,,,,,,,,,,,
,11월,,,,,,,,,,,,,,
,12월,,,,,,,,,,,,,,
2000년,누계,5508242,0.269,,,,,,,,,,,,
2001년,누계,6084476,0.10461305077010041,,,,,,,,,,,,
2002년,누계,7123407,0.17075110494313717,,,,,,,,,,,,
2003년,누계,7086133,-0.005232608497591107,,,,,,,,,,,,
2004년,누계,8825585,0.24547267176610998,213580,,68192,,,,113908,,5673,,,
2005년,누계,10080143,0.14215012375950153,254630,0.19219964416143834,69952,0.025809479117785077,,,112005,-0.016706464866383386,2169,-0.6176626123744051,,
2006년,누계,11609879,0.15175737090237718,266490,0.04657738679652829,82891,0.1849696935041171,,,111361,-0.005749743315030579,11756,4.420009220839097,,
2007년,누계,13324977,0.147727465548952,259380,-0.02668017561634583,108319,0.3067643049305715,,,99453,-0.10693151103168973,14469,0.2307757740728138,,
2008년,누계,11996094,-0.09972872748673411,222820,-0.14095149973012566,111116,0.025821877971547114,,,79061,-0.20504157742853413,14525,0.0038703434929849845,,
2009년,누계,9494111,-0.2085664717198782,185710,-0.1665469886006642,89132,-0.1978472947190324,,,52921,-0.3306307787657632,13204,-0.09094664371772809,,
2010년,누계,12488364,0.3153800287357078,218610,0.17715793441387118,115773,0.29889377552394203,,,67309,0.27187694865932244,15245,0.15457437140260533,,
2011년,누계,12693733,0.01644482816163917,204480,-0.06463565253190617,107503,-0.07143289022483656,,,52787,-0.21575123683311292,15986,0.04860610036077406,5101,
2012년,누계,13736976,0.08218567382817965,205270,0.0038634585289514245,129394,0.20363152656204941,,,52896,0.0020649023433800817,19657,0.2296384336294257,4404,-0.13663987453440507
2013년,누계,14846485,0.08076806714956763,198870,-0.031178447897890593,139958,0.08164211632687768,0,,50992,-0.0359951603145795,17481,-0.11069847891336415,4225,-0.04064486830154401
2014년,누계,16080684,0.08313072084065687,202820,0.019862221551767423,142081,0.01516883636519517,0,,55488,0.08817069344210848,14667,-0.1609747726102626,5676,0.34343195266272186
2015년,누계,19310430,0.20084630728394393,226780,0.11813430628143173,182622,0.2853372372097607,427900,,64992,0.17128027681660907,12360.307692307691,-0.15727090118581222,6700,0.18040873854827333
2016년,누계,22383190,0.15912436957644127,280100,0.235117735250022,228156,0.2493346913296317,544957,0.2735615798083664,82384,0.2676021664204826,12433,0.0058811082621792465,8071,0.2046268656716419
2017년,누계,26496447,0.18376545076908157,302210,0.07893609425205295,334767,0.4672723925735023,685228,0.2573982901403229,91168,0.10662264517382014,11895,-0.01964078537782199,8871,0.09912030727295251
2018년,누계,28695983,0.08301248842910902,287990,-0.04705337348201577,240577,-0.28135987119399464,746986,0.09012766553614271,87853,-0.036361442611442585,14347,0.20613703236654057,8176,-0.07834516965392857
2019년,누계,28714247,0.000636465389598273,280480,-0.026077294350498326,123058,-0.4884880932092428,753357,0.008528941640137733,88431,0.0065791720259980035,11884,-0.17167352059664043,6806,-0.16756360078277888
2020년,누계,4276006,-0.8510841673821361,53520,-0.8091842555618939,8,-0.9999349900047132,124181,-0.8351631431047962,26383,-0.7016543972136469,2702,-0.772635476270616,548,-0.9194828092859242
2021년,누계,1222541,-0.7140927772318374,2060,-0.9615097159940209,6783,846.875,8002,-0.9355618009196254,476,-0.9819580790660652,25,-0.9907475943745374,51,-0.906934306569343
2022년,누계,6554031,4.36099075613824,72510,34.199029126213595,74613,10,193407,23.169832541864533,14343,29.13235294117647,227,8.08,709,12.901960784313726
